Restaurant Name,Address,Url,Restaurant Website,Latitude,Longitude,Details,Deals Offered,Deal Website,Open Table Link,Rating,Review Count,Price,Categories
1225 Raw Sushi and Sake Lounge,"1225 Sansom St, Philadelphia, PA 19102",https://centercityphila.org/explore-center-city/ccd-restaurant-week/list-view#1225-raw-sushi-and-sake-lounge,https://1225rawnledas.com,39.94977844897959,-75.16082181632653,Participating in dinner only. Offering indoor and outdoor dining. Closed Monday.,$45 DINNER,https://centercityphila.org/uploads/attachments/clly71s7mbf9jwnqdars7fk7y-raw1225.pdf,,3.5,582,$$,"['Japanese', 'Sushi Bars', 'Korean']"
Aki Nom Nom,"1210 Walnut St, Philadelphia, PA 19107",https://centercityphila.org/explore-center-city/ccd-restaurant-week/list-view#aki-nom-nom,http://akisushi.com,39.9487415,-75.16115765518246,Participating in lunch and dinner. Offering indoor dining.,Coming soon,,,3.5,630,$$,"['Sushi Bars', 'Ramen']"
Alice Pizza,"235 S 15th Street, Philadelphia, PA 19102",https://centercityphila.org/explore-center-city/ccd-restaurant-week/list-view#alice-pizza,http://www.alicephilly.com,39.9481842,-75.16605169537605,"Participating in lunch, dinner and takeout. Offering indoor dining.",$45 DINNER,https://centercityphila.org/uploads/attachments/clksc8v1pacvf0vqd4bn1k9ue-alice.pdf,,4.5,311,$$,"['Pizza', 'Italian', 'Gelato']"
Amada,"217-219 Chestnut St, Philadelphia, PA 19106",https://centercityphila.org/explore-center-city/ccd-restaurant-week/list-view#amada,http://www.amadarestaurant.com,39.9485657,-75.1448374,Participating in dinner only. Offering indoor dining.,$45 DINNER,https://centercityphila.org/uploads/attachments/clluwrm2pbalcjnqd3va3v0dl-amada.pdf,https://www.opentable.com/restaurant/profile/5129/reserve?ref=939,4.0,2259,$$,"['Tapas Bars', 'Spanish', 'Iberian']"
Amina,"104 Chestnut St, Philadelphia, PA 19106",https://centercityphila.org/explore-center-city/ccd-restaurant-week/list-view#amina,http://aminaphilly.com,39.948127,-75.14276525,"Participating in lunch, dinner, and takeout. Offering indoor dining. Closed on Mondays. Not participating on Saturday, September 16 and Saturday, September 23.",$45 DINNER,https://centercityphila.org/uploads/attachments/clkwusrusa39rjnqdaqm003vc-amina.pdf,https://www.opentable.com/restaurant/profile/1239313/reserve?ref=9169,4.0,131,,['Southern']
Ancient Spirits & Grille,"1726 Chestnut St, Philadelphia, PA 19103",https://centercityphila.org/explore-center-city/ccd-restaurant-week/list-view#ancient-spirits-grille,https://asgphilly.com,39.9515042,-75.1698515,"Participating in lunch, dinner and takeout. Offering indoor and outdoor dining. ",$45 DINNER | $20 LUNCH | COCKTAILS,https://centercityphila.org/uploads/attachments/clkjrtuzr9mfdm8qd9woymj2v-ancientdinner.pdf,https://www.opentable.com/restaurant/profile/1177882/reserve?ref=9169,3.5,73,$$,"['Lounges', 'Cocktail Bars', 'Modern European']"
Bahn Mi and Bottles,"712-14 South St, Philadelphia, PA 19147",https://centercityphila.org/explore-center-city/ccd-restaurant-week/list-view#bahn-mi-and-bottles,https://www.banhmiandbottles.com,39.9420217,-75.1523396,Participating in dinner only. Offering indoor dining.,$60 DINNER,https://centercityphila.org/uploads/attachments/clm0u8wzibpvqhnqds517lu33-banhmi2.pdf,,4.0,294,$$,"['Vietnamese', 'Beer, Wine & Spirits', 'Cocktail Bars']"
Bank and Bourbon,"1200 Market St, Philadelphia, PA 19107",https://centercityphila.org/explore-center-city/ccd-restaurant-week/list-view#bank-and-bourbon,http://bankandbourbon.com,39.9515897,-75.160309,Participating in lunch and dinner. Offering indoor dining.,$45 DINNER | $20 LUNCH,https://centercityphila.org/uploads/attachments/cllgspi5hasp4m8qd12vpri4h-bank-bourbondinner.pdf,,3.5,432,$$$,"['American (New)', 'Gastropubs']"
Barbuzzo,"110 S 13th St, Philadelphia, PA 19107",https://centercityphila.org/explore-center-city/ccd-restaurant-week/list-view#barbuzzo,http://www.barbuzzo.com,39.9500257,-75.1620492,,$45 DINNER,https://centercityphila.org/uploads/attachments/clle1p8a8anenomqd0zww53ap-barbuzzo.pdf,https://www.opentable.com/restaurant/profile/47290/reserve?ref=9169,4.5,3193,$$,"['Mediterranean', 'Pizza', 'Italian']"
Bellini,"220 S 16th St, Philadelphia, PA 19102",https://centercityphila.org/explore-center-city/ccd-restaurant-week/list-view#bellini,https://belliniphiladelphia.com,39.94909595,-75.16787067802703,Participating in dinner and takeout. Offering indoor and outdoor dining.,$45 DINNER,https://centercityphila.org/uploads/attachments/cllbbv3g2aqmghnqdihnra36o-bellini.pdf,https://www.opentable.com/restaurant/profile/17053/reserve?ref=9169,3.0,370,$$,"['Italian', 'Cocktail Bars', 'Wine Bars']"
Bistro La Baia,"1700 Lombard St, Philadelphia, PA 19146",https://centercityphila.org/explore-center-city/ccd-restaurant-week/list-view#bistro-la-baia,https://www.bistrolabaia.com,39.945205,-75.17028,"Participating in lunch, dinner and takeout. Offering indoor and outdoor dining. BYOB.",$45 DINNER | $20 LUNCH,https://centercityphila.org/uploads/attachments/clkcv5g3s9es2saqdbqwggo6j-bistrolabaiadinner.pdf,https://www.opentable.com/restaurant/profile/116446/reserve?ref=9169,3.5,245,,['Italian']
Bistro Romano,"120 Lombard St, Philadelphia, PA 19147",https://centercityphila.org/explore-center-city/ccd-restaurant-week/list-view#bistro-romano,http://www.bistroromano.com,39.94190354028374,-75.14426640234197,Participating in dinner and takeout. Offering indoor and outdoor dining.,$45 DINNER,https://centercityphila.org/uploads/attachments/clksc9wckacvi0vqdn5waxgaf-bistroromano.pdf,https://www.opentable.com/restaurant/profile/1638/reserve?ref=9169,4.0,605,$$,"['Italian', 'Wine Bars']"
Bistrot La Minette,"623 S 6th St, Philadelphia, PA 19147",https://centercityphila.org/explore-center-city/ccd-restaurant-week/list-view#bistrot-la-minette,http://www.bistrotlaminette.com,39.94142580952381,-75.15236566666667,Participating in dinner only. Offering indoor and outdoor dining. Closed Sundays and Mondays.,$45 DINNER,https://centercityphila.org/uploads/attachments/clkr10b7sab5d0vqduolc3nbm-bistrotlaminettedinner.pdf,https://www.opentable.com/restaurant/profile/26455/reserve?ref=9169,4.5,659,$$$,"['French', 'Breakfast & Brunch']"
Bleu Sushi,"262 S 10th St, Philadelphia, PA 19107",https://centercityphila.org/explore-center-city/ccd-restaurant-week/list-view#bleu-sushi,http://bleusushiphilly.com,39.9464973,-75.15798321680501,"Participating in lunch, dinner and takeout. Offering indoor and outdoor dining. BYOB.",Coming Soon,,https://www.opentable.com/restaurant/profile/148756/reserve?ref=9169,4.5,1083,$$,"['Sushi Bars', 'Japanese', 'Asian Fusion']"
Blume Food & Cocktail,"1500 Locust Street, Philadelphia, PA 19102",https://centercityphila.org/explore-center-city/ccd-restaurant-week/list-view#blume-food-cocktail,http://blumephilly.com,39.94824265,-75.16654758167297,Participating in dinner only. Offering indoor and outdoor dining.,Coming soon.,,,2.5,201,$$,"['Bars', 'Breakfast & Brunch', 'Burgers']"
Bolo,"2025 Sansom St, Philadelphia, PA 19103",https://centercityphila.org/explore-center-city/ccd-restaurant-week/list-view#bolo,http://www.bolophl.com,39.95143973469388,-75.17418559183673,Participating in dinner only. Offering indoor dining.,$60 DINNER,https://centercityphila.org/uploads/attachments/clm85iiisbua8omqda4yvcvar-bolo.pdf,,4.0,30,,['Latin American']
Brauhaus Schmitz,"718 South St, Philadelphia, PA 19147",https://centercityphila.org/explore-center-city/ccd-restaurant-week/list-view#brauhaus-schmitz,http://BrauhausSchmitz.com,39.94207565000001,-75.15461395963062,"Participating in dinner only. Offering indoor dining. Not participating on Saturday, September 16.",$45 DINNER,https://centercityphila.org/uploads/attachments/cll6onygragcdm8qd3r034bdp-brauhahus.pdf,,4.0,813,$$$,"['German', 'Bars']"
Bridget Foy's,"200 South Street, Philadelphia, PA 19147",https://centercityphila.org/explore-center-city/ccd-restaurant-week/list-view#bridget-foy-s,http://www.bridgetfoys.com,39.941137,-75.145962,"Participating in lunch, dinner and takeout. Closed on Monday and Tuesday. Offering indoor and outdoor dining.",$45 DINNER AND $20 LUNCH,https://centercityphila.org/uploads/attachments/cllo3qgfab1ilm8qdnhyyaz7d-bridgetfoy.pdf,https://www.opentable.com/restaurant/profile/11809/reserve?ref=9169,3.5,322,$$,"['Breakfast & Brunch', 'American (Traditional)', 'Bars']"
Buca D'oro Ristorante,"711 Locust St, Philadelphia, PA 19106",https://centercityphila.org/explore-center-city/ccd-restaurant-week/list-view#buca-d-oro-ristorante,http://bucadororistorante.com,39.94676037755102,-75.15363423469387,"Participating in lunch, dinner and takeout. Offering indoor dining.",$45 DINNER | $20 LUNCH,https://centercityphila.org/uploads/attachments/clmgcy1f5d4rc0vqd015d322u-bucadinner.pdf,https://www.opentable.com/restaurant/profile/1207885/reserve?ref=9169,3.5,118,$$$,"['Italian', 'Wine Bars', 'Seafood']"
Buddakan,"325 Chestnut St, Philadelphia, PA 19106",https://centercityphila.org/explore-center-city/ccd-restaurant-week/list-view#buddakan,http://www.buddakan.com,39.9488836,-75.1470298,"Participating in dinner only. Offering indoor seating. Not participating on Saturday, September 16 and Saturday, September 23.",$45 DINNER | $45 VEGAN DINNER,https://centercityphila.org/uploads/attachments/clm0u2i0obka8ypqdrvya2sh5-buddakandin.pdf,https://www.opentable.com/restaurant/profile/2860/reserve?ref=9169,4.0,1718,$$$,"['Asian Fusion', 'Chinese']"
Butcher Bar,"2034 Chestnut St, Philadelphia, PA 19103",https://centercityphila.org/explore-center-city/ccd-restaurant-week/list-view#butcher-bar,http://www.butcherbarphilly.com,39.9521242,-75.174893,Participating in dinner only. Offering indoor and outdoor dining.,$45 DINNER,https://centercityphila.org/uploads/attachments/cllntmgoqb021saqdx4mq8n1m-butcher.pdf,https://www.opentable.com/restaurant/profile/269854/reserve?ref=9169,4.0,757,$$,"['Steakhouses', 'Bars', 'Comfort Food']"
Caribou Café,"1126 Walnut St, Philadelphia, PA 19107",https://centercityphila.org/explore-center-city/ccd-restaurant-week/list-view#caribou-café,http://www.cariboucafe.com,39.948647,-75.16027061637016,Participating in lunch and dinner. Offering indoor and outdoor dining.,$45 DINNER AND $20 LUNCH,https://centercityphila.org/uploads/attachments/clkcvdr049xkx0vqd4so0rr44-cariboucafedinnerlunch.pdf,https://www.opentable.com/restaurant/profile/113221/reserve?ref=9169,,0,,
Chart House,"555 S. Columbus Blvd, Philadelphia, PA 19147",https://centercityphila.org/explore-center-city/ccd-restaurant-week/list-view#chart-house,https://www.chart-house.com/location/chart-house-philad,39.941185,-75.1404988,"Participating in dinner only. Offering indoor dining.  Not participating on Saturday, September 16 and Saturday, September 23.",$45 DINNER,https://centercityphila.org/uploads/attachments/clmexrjffcajhsaqdibo2hhx7-charthouse.pdf,https://www.opentable.com/r/chart-house-restaurant-philadelphia?ref=9169#reserve,2.5,418,$$$,"['Seafood', 'Steakhouses', 'Venues & Event Spaces']"
Chez Colette,"120 S 17th St, Philadelphia, PA 19103",https://centercityphila.org/explore-center-city/ccd-restaurant-week/list-view#chez-colette-2,https://www.sofitel-philadelphia.com/dining-lounge,39.95093385,-75.16964767951899,Participating in dinner only. Closed Sunday and Monday. Offering indoor dining.,$45 DINNER,https://centercityphila.org/uploads/attachments/clmgcq3f1chj5m8qdir86oq2q-chezcollette.pdf,https://www.opentable.com/restaurant/profile/7299/reserve?ref=9169,3.5,38,$$,"['French', 'Breakfast & Brunch', 'Cocktail Bars']"
Chez Hansi,"1610 South St, Philadelphia, PA 19146",https://centercityphila.org/explore-center-city/ccd-restaurant-week/list-view#chez-hansi,,39.9439603,-75.16920174644446,Participating in dinner. Offering indoor dining and BYOB.,$45 DINNER,https://centercityphila.org/uploads/attachments/clluwuwaab8disaqdu1fy759a-chezhansi.pdf,https://www.opentable.com/restaurant/profile/1262203/reserve?ref=9169,4.5,23,,"['Modern European', 'Desserts', 'American (New)']"
Chubby Cattle,"146 N 10th Street, Philadelphia, PA 19107",https://centercityphila.org/explore-center-city/ccd-restaurant-week/list-view#chubby-catt,,39.9548883,-75.1561251,"Participating in lunch, dinner, and takeout. Offering indoor dining. Not participating on Saturday, September 16 and Saturday, September 23.",$45 DINNER | $20 LUNCH,https://centercityphila.org/uploads/attachments/clm6l5gvubr4oomqdzbfysxia-chubbycattledinner.pdf,,4.5,1481,$$,"['Chinese', 'Hot Pot', 'Asian Fusion']"
City Winery,"990 Filbert St, Philadelphia, PA 19107",https://centercityphila.org/explore-center-city/ccd-restaurant-week/list-view#city-winery,https://citywinery.com/philadelphia,39.9522713,-75.156091,Participating in dinner only. Offering indoor and outdoor dining.,$45 DINNER,https://centercityphila.org/uploads/attachments/cllkwb958awa5saqdna2mb8ub-citywinery.pdf,,2.5,242,$$$,"['Wine Bars', 'Venues & Event Spaces', 'American (New)']"
Con Murphy's Irish Pub,"1700 Ben Franklin Pkwy, Philadelphia, PA 19103",https://centercityphila.org/explore-center-city/ccd-restaurant-week/list-view#con-murphy-s-irish-pub,http://www.conmurphyspub.com,39.9556532,-75.16821887769059,Participating in dinner only. Offering indoor and outdoor dining.,$45 DINNER | $20 LUNCH,https://centercityphila.org/uploads/attachments/clmcvj2l5c6gjypqd2aw9cx6l-conmurphy-dinner.pdf,https://www.opentable.com/restaurant/profile/67228/reserve?ref=9169,3.5,352,$$,"['Irish', 'Pubs', 'Sports Bars']"
Continental Midtown,"1801 Chestnut St, Philadelphia, PA 19103",https://centercityphila.org/explore-center-city/ccd-restaurant-week/list-view#continental-midtown-2,https://continentalmidtown.com,39.95176,-75.170475,"Participating in dinner only. Offering indoor and outdoor dining. Not participating on Saturday, September 16 and Saturday, September 23.",Coming soon,,https://www.opentable.com/restaurant/profile/114355/reserve?ref=9169,3.5,1845,$$,"['American (New)', 'Breakfast & Brunch', 'Cocktail Bars']"
Cuba Libre Restaurant & Rum Bar,"10 S 2nd St, Philadelphia, PA 19106",https://centercityphila.org/explore-center-city/ccd-restaurant-week/list-view#cuba-libre-restaurant-rum-bar,http://www.cubalibrerestaurant.com,39.94970711764706,-75.14389658823531,"Participating in dinner only. Offering indoor dining. Not participating on Saturday, September 16 and Saturday, September 23.",$45 DINNER,https://centercityphila.org/uploads/attachments/clksby1nb9u88saqd0s7n4gt6-cubalibre.pdf,,3.5,1357,$$$,"['Cuban', 'Latin American', 'Dance Clubs']"
D'Angelo's Ristorante Italiano & Lounge,"256 S. 20th St, Philadelphia, PA 19103",https://centercityphila.org/explore-center-city/ccd-restaurant-week/list-view#d-angelo-s-ristorante-italiano-lounge,http://www.dangeloristorante.com,39.94872,-75.174318,"Participating in dinner and takeout. Offering indoor and outdoor dining. Closed Sunday and Monday. Not participating on Saturday, September 16 and Saturday, September 23.",$45 DINNER,https://centercityphila.org/uploads/attachments/clkgx3a539jmcm8qdqb96dy9t-dangelo.pdf,https://www.opentable.com/restaurant/profile/37825/reserve?ref=9169,3.5,180,$$$,"['Lounges', 'Italian']"
The Dandelion,"124 S 18th St, Philadelphia, PA 19103",https://centercityphila.org/explore-center-city/ccd-restaurant-week/list-view#the-dandelion,http://thedandelionpub.com,39.95101485,-75.17074136802594,"Participating in dinner only. Offering indoor and outdoor dining. Not participating on Saturday, September 16 and Saturday, September 23.",$45 DINNER,https://centercityphila.org/uploads/attachments/clly0wjgebctpomqdiu0zjop8-dandelion.pdf,https://www.opentable.com/restaurant/profile/54712/reserve?ref=9169,4.0,2822,$$,"['Gastropubs', 'British']"
Darling Jack's Tavern,"104 South 13th Street, Philadelphia, PA 19107",https://centercityphila.org/explore-center-city/ccd-restaurant-week/list-view#darling-jack-s-tavern,http://www.darlingjacks.com,39.94968529591837,-75.1618743979592," dinner, and takeout. Offering indoor and outdoor dining. ",$45 DINNER | $20 LUNCH,https://centercityphila.org/uploads/attachments/clmb0p5ngc1z1m8qdi90sr2t8-darling1.pdf,,4.5,33,,"['American (New)', 'American (Traditional)', 'Wine Bars']"
Del Frisco's Double Eagle Steakhouse,"1426 Chestnut St, Philadelphia, PA 19102",https://centercityphila.org/explore-center-city/ccd-restaurant-week/list-view#del-frisco-s-double-eagle-steakhouse,http://www.delfriscos.com,39.95085512244898,-75.16452585714286,"Participating in dinner only. Offering indoor dining. Not participating on Saturday, September 16 and Saturday, September 23.",$60 DINNER,https://centercityphila.org/uploads/attachments/clmb0bv7pc0essaqd1xmpphb7-delfrsico1.pdf,https://www.opentable.com/r/del-friscos-double-eagle-steak-house-philadelphia?ref=9169#reserve,4.0,1246,$$$$,"['Steakhouses', 'Seafood', 'American (Traditional)']"
Del Frisco's Grille,"225 South Broad Street, Philadelphia, PA 19107",https://centercityphila.org/explore-center-city/ccd-restaurant-week/list-view#del-frisco-s-grille,https://delfriscosgrille.com,39.94865414607718,-75.16459353349245,Participating in dinner only. Offering indoor dining.,Coming soon.,,https://www.opentable.com/r/del-friscos-grille-philadelphia?ref=9169#reserve,3.0,193,$$$,"['Bars', 'Diners', 'Breakfast & Brunch']"
Devil's Alley,"1907 Chestnut St, Philadelphia, PA 19103",https://centercityphila.org/explore-center-city/ccd-restaurant-week/list-view#devil-s-alley,http://www.devilsalleybarandgrill.com,39.9521305,-75.17220074921535,Participating in dinner and takeout. Offering indoor and outdoor dining.,$45 DINNER,https://centercityphila.org/uploads/attachments/clle20i5zapirypqdlwgi9oud-devilsalley.pdf,,3.5,857,$$,"['American (New)', 'Bars', 'Breakfast & Brunch']"
Devon Seafood Grill,"225 S 18th St, Philadelphia, PA 19103",https://centercityphila.org/explore-center-city/ccd-restaurant-week/list-view#devon-seafood-grill,http://www.devonseafood.com,39.949230400000005,-75.17026505176388,Participating in dinner and takeout. Offering indoor and outdoor dining.,$45 DINNER,https://centercityphila.org/uploads/attachments/clmdl8ib2c7amwnqdr85x7nc7-devon.pdf,https://www.opentable.com/devon-seafood-grill-philadelphia?ref=9169#reserve,3.5,1278,$$$,"['Bars', 'Seafood']"
Dim Sum House by Jane G's,"1930 Chestnut St, Philadelphia, PA 19103",https://centercityphila.org/explore-center-city/ccd-restaurant-week/list-view#dim-sum-house-by-jane-g-s,http://dimsum.house,39.95182435,-75.1733266192953,Participating in dinner only. Closed Mondays. Offering indoor and outdoor dining.,$60 DINNER,https://centercityphila.org/uploads/attachments/clm81avc5buj3saqdhf225q0o-dimsum.pdf,,4.0,559,$$,"['Szechuan', 'Dim Sum', 'Cantonese']"
Dolce Italian,"1437 Chestnut Street, Philadelphia, PA 19102",https://centercityphila.org/explore-center-city/ccd-restaurant-week/list-view#dolce-italian,http://www.dolceitalianrestaurant.com/location/philadelphia,39.95103293877551,-75.16462357142858,Participating in lunch and dinner. Offering indoor dining.,$45 DINNER | $20 LUNCH,https://centercityphila.org/uploads/attachments/cllxrvn71be74m8qd69fx6tih-dolcedinner.pdf,https://www.opentable.com/restaurant/profile/1193428/reserve?ref=9169,4.0,39,,"['Italian', 'Pizza', 'Breakfast & Brunch']"
Double Knot,"120 S 13th St., Philadelphia, PA 19107",https://centercityphila.org/explore-center-city/ccd-restaurant-week/list-view#doubleknot,https://www.doubleknotphilly.com,39.949601540816325,-75.16189252040817,"Participating in dinner only. Offering indoor dining. Not participating on Saturday, September 16 and Saturday, September 23.",$45 DINNER,https://centercityphila.org/uploads/attachments/clm9926hkbxy7wnqdgiorugh2-doubleknot.pdf,,4.5,1340,$$$,"['Sushi Bars', 'Bars', 'Japanese']"
El Vez,"121 S. 13th St, Philadelphia, PA 19107",https://centercityphila.org/explore-center-city/ccd-restaurant-week/list-view#el-vez,http://www.elvezrestaurant.com,39.9497016,-75.161896,"Participating in dinner only. Offering indoor and outdoor dining. Not participating on Saturday, September 16 and Saturday, September 23.",$45 DINNER,https://centercityphila.org/uploads/attachments/clm81sgiubw75ypqd7pspe0of-elvez1.pdf,https://www.opentable.com/el-vez?ref=9169#reserve,4.0,3554,$$,"['Mexican', 'Breakfast & Brunch']"
Entrée BYOB,"1608 South St, Philadelphia, PA 19146",https://centercityphila.org/explore-center-city/ccd-restaurant-week/list-view#entrée-byob,http://www.entreebyob.com,39.9439399,-75.16915755673173,Participating in dinner and takeout. Offering indoor and outdoor dining. BYOB. Closed Mondays.,$45 DINNER,https://centercityphila.org/uploads/attachments/clm6jwijybsymm8qdeuflxxxw-entree.pdf,https://www.opentable.com/restaurant/profile/111997/reserve?ref=9169,,0,,
Estia Restaurant,"1405 Locust Street, Philadelphia, PA 19102",https://centercityphila.org/explore-center-city/ccd-restaurant-week/list-view#estia-restaurant,http://www.estiarestaurant.com,39.9484091,-75.1653065,Participating in dinner only. Offering indoor and outdoor dining.,$60 DINNER,https://centercityphila.org/uploads/attachments/clluwxjpzbexghnqd59kinb8j-estia.pdf,https://www.opentable.com/restaurant/profile/5989/reserve?ref=9169,4.0,834,$$$,"['Greek', 'Mediterranean', 'Seafood']"
Flambo Caribbean Restaurant,"205 S 13th St, Philadelphia, PA 19107",https://centercityphila.org/explore-center-city/ccd-restaurant-week/list-view#flambo-caribbean-restaurant,http://www.flamboh.com,39.9485068,-75.16197684943853,Participating in lunch and dinner. Offering indoor dining.,$45 DINNER \ $20 LUNCH,https://centercityphila.org/uploads/attachments/clmdlk2vwc8swjnqd5z8tmulq-flambo.pdf,,3.5,24,,['Trinidadian']
Fork,"306 Market Street, Philadelphia, PA 19107",https://centercityphila.org/explore-center-city/ccd-restaurant-week/list-view#fork,https://forkrestaurant.com,39.9500306,-75.1461104,"Participating in dinner only. Offering indoor and outdoor dining. Closed Monday. Not participating on Saturday, September 16 and Saturday, September 23.",Coming soon.,,https://www.opentable.com/restaurant/profile/20035/reserve?ref=9169,4.0,728,$$$,['American (New)']
Forsythia,"233 Chestnut Street, Philadelphia, PA 19105",https://centercityphila.org/explore-center-city/ccd-restaurant-week/list-view#forsythia,https://www.forsythiaphilly.com,39.9486523,-75.1453872,Participating in dinner only. Offering indoor dining.,$45 DINNER,https://centercityphila.org/uploads/attachments/cllawsjkfam3mjnqdqwfojym5-forsythia.pdf,,4.5,179,$$$,"['Modern European', 'French', 'American (New)']"
Franklin Social Kitchen & Bar,"401 Chestnut St, Philadelphia, PA 19106",https://centercityphila.org/explore-center-city/ccd-restaurant-week/list-view#franklin-social-kitchen-bar,https://www.franklinsocialphilly.com,39.94905035,-75.14788373251807,Participating in dinner and takeout. Offering indoor and outdoor dining.,$45 DINNER,https://centercityphila.org/uploads/attachments/cll2rthu1a78bsaqdc0ebvx4s-franklinsocial.pdf,https://www.opentable.com/restaurant/profile/1005361/reserve?ref=9169,3.5,13,,"['Lounges', 'Breakfast & Brunch', 'Cafes']"
Fringe Bar,"140 N Christopher Columbus Blvd, Philadelphia, PA 19106",https://centercityphila.org/explore-center-city/ccd-restaurant-week/list-view#fringe-bar,https://fringebarphilly.com,39.9533718,-75.1404129,Participating in dinner only. Offering indoor and outdoor dining. Closed Monday and Tuesday.,$45 DINNER,https://centercityphila.org/uploads/attachments/clmexu6e0cbqewnqdpqx1cp2x-fringe2.pdf,https://www.opentable.com/restaurant/profile/1281529/reserve?ref=9169,3.5,6,,"['American (New)', 'Bars', 'Beer Gardens']"
Garden Grille and Bar,"1100 Arch St, Philadelphia, PA 19107",https://centercityphila.org/explore-center-city/ccd-restaurant-week/list-view#garden-grille-and-bar,http://www.philadelphiaCenterCity.HGI.com,39.9532537,-75.1581150339692,Participating in dinner only. Offering indoor dining.,$45 DINNER,https://centercityphila.org/uploads/attachments/cll2om1zna787wnqdhftsu2r2-gardengrille.pdf,https://www.opentable.com/restaurant/profile/1259788/reserve?ref=9169,,0,,
Giuseppe and Sons,"1523 Sansom St, Philadelphia, PA 19102",https://centercityphila.org/explore-center-city/ccd-restaurant-week/list-view#giuseppe-and-sons,https://giuseppesons.com,39.950452346938775,-75.16619875510204,"Participating in dinner only. Offering indoor dining. Not participating on Saturday, September 16 and Saturday, September 23.",$45 DINNER,https://centercityphila.org/uploads/attachments/clm993xytbw9fomqdwnlxbtaw-guiseppe.pdf,,4.0,412,$$,"['Italian', 'Bars']"
The Goat Rittenhouse,"1907 Sansom St, Philadelphia, PA 19103",https://centercityphila.org/explore-center-city/ccd-restaurant-week/list-view#the-goat-rittenhouse,https://www.thegoatrittenhouse.com,39.95120836734694,-75.17230359183674,Participating in dinner only. Offering indoor and outdoor dining.,$45 DINNER,https://centercityphila.org/uploads/attachments/cllntfkscb01osaqddoppjhis-goat.pdf,,3.5,45,,"['Bars', 'American (Traditional)']"
Gran Caffe L'Aquila,"1716 Chestnut St, Philadelphia, PA 19103",https://centercityphila.org/explore-center-city/ccd-restaurant-week/list-view#gran-caffe-l-aquila,http://grancaffelaquila.com,39.95118775,-75.16953315949416,"Participating in lunch, dinner and takeout. Offering indoor and outdoor dining.",$45 DINNER | $20 LUNCH,https://centercityphila.org/uploads/attachments/cll2oykrma89gm8qdmv3eaxru-grancaffe.pdf,https://www.opentable.com/restaurant/profile/1177819/reserve?ref=9169,4.5,1399,$$,"['Coffee & Tea', 'Italian', 'Gelato']"
Hard Rock Cafe,"1113 Market St, Philadelphia, PA 19107",https://centercityphila.org/explore-center-city/ccd-restaurant-week/list-view#hard-rock-cafe,https://www.hardrockcafe.com/location/philadelphia,39.9520644,-75.1595415,Participating in lunch and dinner. Offering indoor dining.,$45 DINNER | $20 LUNCH,https://centercityphila.org/uploads/attachments/clmb096n1bzuiomqd7jc8oynr-23-hrcne-07600-rw-menu-edits-dinner-8-5x11-no-bleeds.pdf,https://www.opentable.com/restaurant/profile/192508/reserve?ref=9169,2.5,440,$$,"['American (Traditional)', 'Burgers']"
Harp & Crown,"1525 Sansom St, Philadelphia, PA 19102",https://centercityphila.org/explore-center-city/ccd-restaurant-week/list-view#harp-crown1,http://harpcrown.com,39.9505401,-75.1668604,"Participating in dinner only. Offering indoor dining. Not participating on Saturday, September 16 and Saturday, September 23.",$45 DINNER,https://centercityphila.org/uploads/attachments/clm995pm6bxybwnqdtriuc8rt-harp-crown.pdf,,4.0,1116,$$,"['American (New)', 'Gastropubs']"
Harper's Garden,"31 S. 18th Street, Philadelphia, PA 19103",https://centercityphila.org/explore-center-city/ccd-restaurant-week/list-view#harpers-garden6,https://harpersgardenphilly.com,39.9521432244898,-75.17012914285714,"Participating in dinner only. Offering indoor and outdoor dining. Not participating on Saturday, September 16 and Saturday, September 23.",$45 DINNER,https://centercityphila.org/uploads/attachments/cllaxsp72akupm8qd72mr7xem-harpersgarden.pdf,,4.0,718,$$,"['American (New)', 'Tapas/Small Plates', 'Cocktail Bars']"
The Hayes,"1123 Walnut Street, Philadelphia, PA 19107",https://centercityphila.org/explore-center-city/ccd-restaurant-week/list-view#the-hayes,http://www.thehayesphl.com,39.9489302,-75.1600819,Participating in lunch and dinner. Offering indoor and outdoor dining.,Coming soon.,,,4.0,11,$$,"['American (New)', 'Desserts', 'Cocktail Bars']"
Iron Hill Brewery & Restaurant,"1150 Market Street, Philadelphia, PA 19107",https://centercityphila.org/explore-center-city/ccd-restaurant-week/list-view#iron-hill-brewery-restaurant,https://www.ironhillbrewery.com/center-city-pa,39.9517161,-75.1595773,Participating in lunch and dinner. Offering indoor and outdoor dining.,$45 DINNER AND $20 LUNCH,https://centercityphila.org/uploads/attachments/cllf6vz6dapy3saqd4g3xwkb9-ironhill.pdf,https://www.opentable.com/restaurant/profile/1017319/reserve?ref=9169,4.0,470,$$,"['American (Traditional)', 'Brewpubs']"
Jasmine Rice Rittenhouse,"306 South 16th St, Philadelphia, PA 19102",https://centercityphila.org/explore-center-city/ccd-restaurant-week/list-view#jasmine-rice-rittenhouse,http://www.jasminericephilly.com,39.9470731,-75.1682365,"Participating in lunch, dinner and takeout. Offering indoor, outdoor dining and BYOB. Call about oudoor seating.",$45 DINNER AND $20 LUNCH,https://centercityphila.org/uploads/attachments/clkk2x7fn9ltpsaqdxjp97vly-jasminedinnerlunch.pdf,https://www.opentable.com/restaurant/profile/1158349/reserve?ref=9169,3.5,340,$$,['Thai']
Jomon Japanese BBQ,"1310 Walnut Street, Philadelphia, PA 19107",https://centercityphila.org/explore-center-city/ccd-restaurant-week/list-view#jomon-japanese-bb,https://jomonbbq.com,39.9489277,-75.1626609643408,Participating in dinner only. Offering indoor dining.,$45 DINNER,https://centercityphila.org/uploads/attachments/cllgsje6vasoim8qdz57lcntq-jomon.pdf,,4.0,273,$$$,"['Barbeque', 'Japanese', 'Cocktail Bars']"
Knock Restaurant & Bar,"225 S 12th St, Philadelphia, PA 19107",https://centercityphila.org/explore-center-city/ccd-restaurant-week/list-view#knock-restaurant-bar,http://www.knockphl.com,39.94826028571429,-75.16056421428573,Participating in dinner only. Offering indoor and outdoor dining.,$45 DINNER,https://centercityphila.org/uploads/attachments/cll2p21f3a89om8qd0uczac2f-knock.pdf,,3.5,174,$$,"['American (New)', 'Gay Bars']"
Koto Sushi,"719 Sansom St, Philadelphia, PA 19106",https://centercityphila.org/explore-center-city/ccd-restaurant-week/list-view#koto-sushi,http://www.kotosushipa.com,39.9488864,-75.1532407,"Participating in lunch, dinner and takeout. Offering indoor seating",$45 DINNER AND $20 LUNCH,https://centercityphila.org/uploads/attachments/clkr0pg5p9tdbm8qdtdpssky8-koto.pdf,https://www.opentable.com/restaurant/profile/995407/reserve?ref=9169,4.5,309,$$,"['Japanese', 'Sushi Bars']"
La Famiglia Ristorante,"8 S Front St, Philadelphia, PA 19106",https://centercityphila.org/explore-center-city/ccd-restaurant-week/list-view#la-famiglia-ristorante,http://www.lafamiglia.com,39.9494313,-75.1423084,Participating in dinner and takeout. Offering indoor and outdoor dining. Closed Sunday and Monday,$45 DINNER,https://centercityphila.org/uploads/attachments/clksc81r39uzpypqdwuvakh4n-lafamiglia.pdf,https://www.opentable.com/restaurant/profile/862/reserve?ref=9169,4.0,164,$$$,['Italian']
La Fontana Della Citta,"1701 Spruce St, Philadelphia, PA 19103",https://centercityphila.org/explore-center-city/ccd-restaurant-week/list-view#la-fontana-della-citta,http://www.lafontanadellacitta.com,39.947682,-75.169754,Participating in lunch and dinner. Offering indoor and outdoor dining and BYOB.,$45 DINNER | $20 LUNCH,https://centercityphila.org/uploads/attachments/cllawtxhsb4zw0vqdvz5awogj-lafontanadinner.pdf,https://www.opentable.com/restaurant/profile/20362/reserve?ref=9169,3.0,431,$$,['Italian']
La Nonna,"214 South St, Philadelphia, PA 19147",https://centercityphila.org/explore-center-city/ccd-restaurant-week/list-view#la-nonna,https://www.ristorantelanonna.com,39.94110845,-75.14623811821356,Participating in dinner only. Offering indoor dining and BYOB. Closed Monday.,Coming soon.,,,4.5,190,$$,"['Italian', 'Comfort Food', 'Pasta Shops']"
La Viola Bistro,"253 S 16th St, Philadelphia, PA 19102",https://centercityphila.org/explore-center-city/ccd-restaurant-week/list-view#la-viola-bistro,http://laviolaphiladelphia.com,39.94778635,-75.1677798,"Participating in lunch, dinner and takeout. Offering indoor and outdoor dining. BYOB.",$45 DINNER | $20 LUNCH,https://centercityphila.org/uploads/attachments/clly1pvr0bdz2saqd4xbh5zs6-lavioladinner.pdf,https://www.opentable.com/restaurant/profile/224086/reserve?ref=9169,3.5,556,$$,['Italian']
La Viola Ovest,"252 S 16th St, Philadelphia, PA 19102",https://centercityphila.org/explore-center-city/ccd-restaurant-week/list-view#la-viola-ovest,http://laviolaphiladelphia.com,39.94789403125,-75.16803021874999,"Participating in lunch, dinner and takeout. Offering indoor and outdoor dining. BYOB.",$45 DINNER | $20 LUNCH,https://centercityphila.org/uploads/attachments/clly1pvr0bdz2saqd4xbh5zs6-lavioladinner.pdf,https://www.opentable.com/restaurant/profile/224713/reserve?ref=9169,3.5,228,$$,['Italian']
Lacroix,"210 West Rittenhouse Square, Philadelphia, PA 19103",https://centercityphila.org/explore-center-city/ccd-restaurant-week/list-view#lacroix,https://www.lacroixrestaurant.com,39.9498637,-75.17347519912886,"Participating in dinner only. Offering indoor dining. Closed Monday, Tuesday, and Wednesday.",$60 DINNER,https://centercityphila.org/uploads/attachments/cllux0tnsb7a7omqdchcf2o4i-lacroix.pdf,,4.5,464,$$$$,['American (New)']
LaScala's Fire,"615 Chestnut St, Philadelphia, PA 19106",https://centercityphila.org/explore-center-city/ccd-restaurant-week/list-view#lascalas,http://www.lascalasphilly.com,39.9494538,-75.1517332,Participating in dinner only. Offering indoor and outdoor dining.,$45 DINNER,https://centercityphila.org/uploads/attachments/clkv9ezqy9zukypqdn5aqyueb-lascala.pdf,https://www.opentable.com/restaurant/profile/7365/reserve?ref=9169,3.5,109,$$,"['Italian', 'Venues & Event Spaces']"
Libertine,"261 S. 13th St, Philadelphia, PA 19107",https://centercityphila.org/explore-center-city/ccd-restaurant-week/list-view#libertine,http://www.libertinephilly.com,39.9468945,-75.16240773570618,Participating in dinner only. Closed for dinner on Sunday and Monday. Offering indoor and outdoor dining.,$45 DINNER,https://centercityphila.org/uploads/attachments/clkcvgoq89etfsaqdav2wv6uf-libertine.pdf,https://www.opentable.com/restaurant/profile/991582/reserve?ref=9169,4.0,138,,"['American (New)', 'Cocktail Bars']"
Little Nonna's,"1234 Locust St, Philadelphia, PA 19107",https://centercityphila.org/explore-center-city/ccd-restaurant-week/list-view#little-nonna-s,http://www.littlenonnas.com,39.947784842105264,-75.16182389473684,Participating in dinner and takeout. Offering indoor and outdoor dining.,$45 DINNER,https://centercityphila.org/uploads/attachments/clle1sbydaoe6saqdqmlp0oqx-littlenonna.pdf,,4.0,1326,$$,['Italian']
Malbec Argentine Steakhouse,"400 South 2nd St, Philadelphia, PA 19147",https://centercityphila.org/explore-center-city/ccd-restaurant-week/list-view#malbec-argentine-steakhouse,http://www.malbecsteakhouse.com,39.9430129,-75.1455311,Participating in dinner and takeout. Offering indoor and outdoor dining. Closed Monday.,$45 DINNER,https://centercityphila.org/uploads/attachments/cllbbwi5zal8mypqdeilunxb2-malbec.pdf,,4.0,240,$$$,"['Argentine', 'Cocktail Bars', 'Steakhouses']"
McCormick & Schmick's,"1 S Broad St, Philadelphia, PA 19107",https://centercityphila.org/explore-center-city/ccd-restaurant-week/list-view#mccormick-schmicks,http://www.mccormickandschmicks.com,39.95116265,-75.1635119626803,Participating in dinner and takeout. Offering indoor and outdoor dining.,Coming soon.,,https://www.opentable.com/restaurant/profile/6690/reserve?ref=9169,2.5,449,$$,"['Seafood', 'Steakhouses', 'Southern']"
Melograno BYOB,"2012 Sansom St, Philadelphia, PA 19103",https://centercityphila.org/explore-center-city/ccd-restaurant-week/list-view#melograno-byob,https://melogranophilly.com,39.9512797,-75.1741414,"Participating in dinner only. Offering indoor and outdoor dining. BYOB. Closed Monday. Not participating on Saturday, September 23.",$45 DINNER,https://centercityphila.org/uploads/attachments/clkk2yem29mpuypqd452bk0my-melograno.pdf,https://www.opentable.com/restaurant/profile/170020/reserve?ref=9169,3.5,491,$$$,['Italian']
Mercato,"1216 Spruce St, Philadelphia, PA 19107",https://centercityphila.org/explore-center-city/ccd-restaurant-week/list-view#mercato,http://www.mercatobyob.com,39.94647845,-75.16177934305037,Participating in dinner only. Offering indoor and outdoor dining. BYOB.,$45 DINNER,https://centercityphila.org/uploads/attachments/clluwpbv4bthb0vqd5y4jxc6r-mercato.pdf,https://www.opentable.com/restaurant/profile/108127/reserve?ref=9169,4.0,757,$$$,['Italian']
Monster Vegan,"1229 Spruce St, Philadelphia, PA 19107",https://centercityphila.org/explore-center-city/ccd-restaurant-week/list-view#monster-vegan,http://www.themonstervegan.com,39.9469083,-75.16218880127198,Participating in dinner only. Offering indoor and outdoor dining.,$45 DINNER,https://centercityphila.org/uploads/attachments/clmdl8iswc5hyomqd8c10xeb1-monster.pdf,,4.5,185,$$,"['Vegan', 'Italian', 'Sandwiches']"
Morea,"110 South 11th St., Philadelphia, PA 19107",https://centercityphila.org/explore-center-city/ccd-restaurant-week/list-view#morea,https://moreaphilly.com,39.9498365,-75.1588215,Participating in dinner. Offering indoor and outdoor dining.,$45 DINNER,https://centercityphila.org/uploads/attachments/clkwvfu5ba0x2saqdfsi1ojq5-morea.pdf,https://www.opentable.com/restaurant/profile/1178902/reserve?ref=9169,4.0,128,$$,"['Cocktail Bars', 'Seafood', 'American (New)']"
The Morris,"225 S 8th St, Philadelphia, PA 19107",https://centercityphila.org/explore-center-city/ccd-restaurant-week/list-view#the-morris,http://themorrisphilly.com,39.947374,-75.15429,Participating in dinner only. Offering indoor and outdoor dining.,$45 DINNER,https://centercityphila.org/uploads/attachments/cllntidfob0pxwnqd3k9m2rbh-themorris.pdf,https://www.opentable.com/restaurant/profile/1281526/reserve?ref=9169,,0,,
Moshulu,"401 S Columbus Blvd., Philadelphia, PA 19106",https://centercityphila.org/explore-center-city/ccd-restaurant-week/list-view#moshulu,http://www.moshulu.com,39.942047034999874,-75.14199813325844,"Participating in dinner only. Offering indoor dining and outdoor dining. Not participating on Saturday, September 16 and Saturday, September 23.",$60 DINNER,https://centercityphila.org/uploads/attachments/clmgd3o5md4s20vqdcxaegku8-moshulu.pdf,https://www.opentable.com/restaurant/profile/2467/reserve?ref=9169,3.5,1019,$$$,"['Seafood', 'American (New)', 'Cocktail Bars']"
Ocean Prime,"124 S 15th St, Philadelphia, PA 19107",https://centercityphila.org/explore-center-city/ccd-restaurant-week/list-view#ocean-prime,https://www.ocean-prime.com/locations-menus/philadelphia,39.9504932244898,-75.16584565306123,Participating in dinner only. Offering indoor dining.,$60 DINNER,https://centercityphila.org/uploads/attachments/clm6l8ncxcd8f0vqdr6u4klmd-oceanprime.pdf,https://www.opentable.com/restaurant/profile/109042/reserve?ref=9169,4.0,576,$$$$,"['Seafood', 'Steakhouses', 'American (New)']"
Oloroso Tapas and Sherry Bar,"1121 Walnut St, Philadelphia, PA 19107",https://centercityphila.org/explore-center-city/ccd-restaurant-week/list-view#oloroso-tapas-and-sherry-ba,http://olorosophl.com,39.9490983,-75.15998168203146,Participating in dinner only. Offering indoor and outdoor dining.,Coming soon.,,,4.0,236,$$,"['Spanish', 'Bars']"
Osteria,"640 North Broad Street, Philadelphia, PA 19130",https://centercityphila.org/explore-center-city/ccd-restaurant-week/list-view#osteria,https://www.osteriaphilly.com,39.964982,-75.1611073,"Participating in dinner only. Offering indoor and outdoor dining. Not participating on Saturday, September 16 and Saturday, September 23.",$45 DINNER,https://centercityphila.org/uploads/attachments/cll5mtspsadc8saqdjkvlpui9-osteria.pdf,,4.0,984,$$$,"['Italian', 'Wine Bars']"
Osteria Ama Philly,"1905 Chestnut Street, Philadelphia, PA 19103",https://centercityphila.org/explore-center-city/ccd-restaurant-week/list-view#osteria-ama-philly,http://osteriama.com,39.95208125,-75.17214229999999,"Participating in lunch, dinner, and takeout. Offering indoor dining. BYOB.",$45 DINNER | $20 LUNCH,https://centercityphila.org/uploads/attachments/cllaxt9raam57jnqdu7h862hi-osteriaamadinner.pdf,https://www.opentable.com/restaurant/profile/1317085/reserve?ref=9169,4.5,6,,['Italian']
Oyster House,"1516 Sansom St, Philadelphia, PA 19102",https://centercityphila.org/explore-center-city/ccd-restaurant-week/list-view#oyster-house,http://www.oysterhousephilly.com,39.950302,-75.166539,"Participating in dinner only. Closed Sundays and Mondays. Offering indoor dining. Not participating on Saturday, September 16 and Saturday, September 23.",$45 DINNER,https://centercityphila.org/uploads/attachments/cllzjvjr5bfpoomqd7d8b8xew-oyster-house-ccdrw-menu.pdf,,4.0,1572,$$$,['Seafood']
Panorama,"14 N Front St, Philadelphia, PA 19106",https://centercityphila.org/explore-center-city/ccd-restaurant-week/list-view#panorama,http://www.panoramawinebar.com,39.95060014285714,-75.14201542857143,Participating in dinner only. Offering indoor dining. Closed Mondays,$45 DINNER,https://centercityphila.org/uploads/attachments/clkr12lh29sfownqd5zo89a0i-panorama.pdf,https://www.opentable.com/restaurant/profile/3644/reserve?ref=9169,3.5,361,$$$,"['Italian', 'Wine Bars']"
Patchwork,"1620 Chancellor St., Philadelphia, PA 19103",https://centercityphila.org/explore-center-city/ccd-restaurant-week/list-view#patchwork,https://patchworkphilly.com,39.94923025,-75.16871865087047,Participating in dinner and takeout. Offering indoor and outdoor dining.,$45 DINNER,https://centercityphila.org/uploads/attachments/cllxrzg2nbfi9jnqdmn5pze12-patchwork-1.pdf,https://www.opentable.com/r/patchwork-philadelphia?ref=9169#reserve,4.0,33,,"['American (New)', 'Bars', 'Breakfast & Brunch']"
Pearl & Mary,"114 S 13th St., Philadelphia, PA 19107",https://centercityphila.org/explore-center-city/ccd-restaurant-week/list-view#pearl-mary,https://www.pearlandmary.com,39.94963294897959,-75.1618857244898,"Participating in dinner only. Offering indoor and outdoor dining. Not participating on Saturday, September 16 and Saturday, September 23.",Coming soon,,,4.5,119,,"['Bars', 'Seafood', 'Sandwiches']"
Picanha Brazilian Steakhouse,"1111 Locust St, Philadelphia, PA 19107",https://centercityphila.org/explore-center-city/ccd-restaurant-week/list-view#picanha-brazilian-steakhouse,https://picanhasteakhouse.com/?utm_source=GMB&utm_medium=organic&utm_campaign=1SEO_SM_GMB,39.94757815909091,-75.16012427272727,"Participating in lunch, dinner, and takeout. Offering indoor dining.",$45 DINNER,https://centercityphila.org/uploads/attachments/cllpaebqub283saqd2vgt1q36-picanha.pdf,,4.0,118,$$$,"['Steakhouses', 'Brazilian', 'Buffets']"
Porcini,"2048 Sansom St, Philadelphia, PA 19103",https://centercityphila.org/explore-center-city/ccd-restaurant-week/list-view#porcini,http://www.porcinirestaurant.com,39.95139465,-75.17510576767378,Participating in dinner only. Offering indoor dining and BYOB. Closed on  Sunday.,$45 DINNER,https://centercityphila.org/uploads/attachments/clmf98oeicj87hnqdzocdu5tr-porcini.pdf,https://www.opentable.com/restaurant/profile/47305/reserve?ref=9169,3.5,336,$$,['Italian']
Prunella,"112 S 13th St, Philadelphia, PA 19107",https://centercityphila.org/explore-center-city/ccd-restaurant-week/list-view#prunella,https://prunellaphl.com,39.949643418367344,-75.16188345918368,"Participating in dinner only. Offering indoor and outdoor dining. Not participating on Saturday, September 16 and Saturday, September 23.",Coming soon,,,4.5,156,$$,"['Italian', 'Pizza', 'Wine Bars']"
Pumpkin BYOB,"1713 South St, Philadelphia, PA 19146",https://centercityphila.org/explore-center-city/ccd-restaurant-week/list-view#pumpkin-byob,http://www.pumpkinphilly.com,39.9444235,-75.17079556044915,"Participating in dinner only. Offering indoor, outdoor dining and BYOB. Closed Mondays. ",$45 DINNER,https://centercityphila.org/uploads/attachments/clksbwnrxa07bhnqdq7fytoho-pumpkinbyob.pdf,https://www.opentable.com/restaurant/profile/63118/reserve?ref=9169,4.0,454,$$$,['American (New)']
Restaurant Aleksandar,"126 S 19th Street, Philadelphia, PA 19103",https://centercityphila.org/explore-center-city/ccd-restaurant-week/list-view#restaurant-aleksandar-2,https://restaurantaleksandar.com,39.9513407,-75.1705557,"Participating in lunch, dinner, and takeout. Offering indoor and outdoor dining. Closed on Sunday and Monday.",$45 DINNER | $20 LUNCH,https://centercityphila.org/uploads/attachments/clktr5u4la2vrhnqdwvj1isjk-restaleksanderdinner.pdf,https://www.opentable.com/restaurant/profile/1164322/reserve?ref=9169,4.0,45,,"['Modern European', 'American (New)']"
Rex at The Royal,"1524 South St, Philadelphia, PA 19146",https://centercityphila.org/explore-center-city/ccd-restaurant-week/list-view#rex-at-the-royal,http://www.rexphl.com,39.94382667346939,-75.1676665510204,Participating in dinner only. Closed Mondays. Offering indoor and outdoor dining.,$45 DINNER,https://centercityphila.org/uploads/attachments/cllntdiheb0x4m8qdalniflq1-rex1.pdf,,4.5,566,$$$,"['Southern', 'American (New)', 'Seafood']"
Sampan,"124 S 13th St, Philadelphia, PA 19107",https://centercityphila.org/explore-center-city/ccd-restaurant-week/list-view#sampan7,http://www.sampanphilly.com,39.9495191,-75.1622021,"Participating in dinner only. Offering indoor and outdoor dining. Not participating on Saturday, September 16 and Saturday, September 23.",Coming soon,,,4.0,2212,$$,"['Asian Fusion', 'Chinese']"
Scarpetta Philadelphia,"210 W Rittenhouse Square, Philadelphia, PA 19103",https://centercityphila.org/explore-center-city/ccd-restaurant-week/list-view#scarpetta7,http://www.scarpettarestaurants.com/philadelphia,39.9498637,-75.17347519912886,Participating in dinner only. Offering indoor dining. Not participating on 9/10 and 9/17.,$60 DINNER,https://centercityphila.org/uploads/attachments/clkr0qcs89sezwnqdr1uj3eu2-sacrpetta.pdf,https://www.opentable.com/restaurant/profile/1033786/reserve?ref=9169,4.0,249,$$$,['Italian']
