Bar,Drink,Predicted Item,Price,Sips Deal
Cavanaugh's Rittenhouse,Aperol Spritz,Aperol Spritz,$12.00,N
Cavanaugh's Rittenhouse,Dragonade,Dragonade,$8.00,N
Cavanaugh's Rittenhouse,Espresso Martini,Espresso Martini,$14.00,N
Cavanaugh's Rittenhouse,Jameson Orange Crushed,Orange Crush,$12.00,N
Cavanaugh's Rittenhouse,Mezcal-A-Rita,Mezcal-A-Rita,$13.00,N
Cavanaugh's Rittenhouse,Paloma,Paloma,$12.00,N
Cavanaugh's Rittenhouse,Philly Mule,Moscow Mule,$11.00,N
Cavanaugh's Rittenhouse,Pink Lady,Pink Lady,$12.00,N
Cavanaugh's Rittenhouse,Sidecar,Sidecar,$16.00,N
Cavanaugh's Rittenhouse,Tully Old Fashioned,Old Fashioned,$12.00,N
Cavanaugh's Rittenhouse,Cav's City Wide,City Wide,Price not available,N
Cavanaugh's Rittenhouse,Summertime City Wide,City Wide,$10.00,N
Cavanaugh's Rittenhouse,Any Given Sunday Bloody Mary,Bloody Mary,$12.00,N
Cavanaugh's Rittenhouse,Bottom's Up,Bottom's Up,$11.00,N
Cavanaugh's Rittenhouse,Tropical Tequila,Tequila Punch,$11.00,N
Cavanaugh's Rittenhouse,Passion Fruit Margarita,Margarita,$11.00,N
Cavanaugh's Rittenhouse,Anaperitivo Lemonade,Pineapple Lemonade,$11.00,N
Cavanaugh's Rittenhouse,Bud Light,Bud Light,$5.00,N
Cavanaugh's Rittenhouse,Blue Moon,Blue Moon,$6.50,N
Cavanaugh's Rittenhouse,Downeast Seasonal Cider,Downeast Cider,$7.50,N
Cavanaugh's Rittenhouse,Kona Big Wave,Kona Big Wave,$6.50,N
Cavanaugh's Rittenhouse,Modelo,Modelo,$6.50,N
Cavanaugh's Rittenhouse,New Belgium Voodoo Ranger,New Belgium Voodoo Ranger,$7.50,N
Cavanaugh's Rittenhouse,Sam Adams Summer Ale,Sam Adams,$7.00,N
Cavanaugh's Rittenhouse,Victory Brotherly Love,Victory Brotherly Love,$7.50,N
Cavanaugh's Rittenhouse,Yuengling Lager,Yuengling,$5.00,N
Cavanaugh's Rittenhouse,Guinness Non Alcoholic,Guinness Non Alcoholic,$7.00,N
Cavanaugh's Rittenhouse,Stella Liberte 0.0,Stella Liberte 0.0,$6.75,N
Cavanaugh's Rittenhouse,Two Roads N/A Juicy IPA,Two Roads N/A Juicy IPA,$6.50,N
Cavanaugh's Rittenhouse,Downeast Original Can,Kenwood Lager,$7.50,N
Cavanaugh's Rittenhouse,Magners Apple Cider,Magners Apple Cider,$7.00,N
Cavanaugh's Rittenhouse,Cape May White,Cape May White,$7.00,N
Cavanaugh's Rittenhouse,Dogfish Namaste,Dogfish Namaste,$6.50,N
Cavanaugh's Rittenhouse,Konig Ludwig Weissbier,Konig Ludwig Weissbier,$6.75,N
Cavanaugh's Rittenhouse,Delirium Tremens,Delirium Tremens,$15.00,N
Cavanaugh's Rittenhouse,Yards Jefferson's Golden Ale,Yards Jefferson's Golden Ale,$7.50,N
Cavanaugh's Rittenhouse,Corona,Corona,$6.50,N
Cavanaugh's Rittenhouse,Corona Light,Corona Light,$6.50,N
Cavanaugh's Rittenhouse,Michelob Ultra,Michelob Ultra,$5.50,N
Cavanaugh's Rittenhouse,Budweiser,Budweiser,$5.00,N
Cavanaugh's Rittenhouse,Coors Light,Coors Light,$5.00,N
Cavanaugh's Rittenhouse,Kenwood Original,Kenwood Lager,$5.00,N
Cavanaugh's Rittenhouse,Miller High Life,Miller High Life,$4.50,N
Cavanaugh's Rittenhouse,Miller Lite,Miller Lite,$5.00,N
Cavanaugh's Rittenhouse,PBR Can,PBR,$4.00,N
Cavanaugh's Rittenhouse,Rocky Mountain Outlaw,Rocky Mountain Outlaw,$4.00,N
Cavanaugh's Rittenhouse,Yards Brawler,Yards Brawler,$6.75,N
Cavanaugh's Rittenhouse,Fat Head Sunshine Daydream,Fat Head Sunshine Daydream,$6.50,N
Cavanaugh's Rittenhouse,Neshaminy Creek Shape of Hops,Neshaminy Creek Shape of Hops,$9.00,N
Cavanaugh's Rittenhouse,New Trail Broken Heels,New Belgium Fat Tire,$7.00,N
Cavanaugh's Rittenhouse,Half Acre Daisy Cutter Pale Ale,Half Acre Daisy Cutter Pale Ale,$7.00,N
Cavanaugh's Rittenhouse,Dogfish Head Citrus Squal,Dogfish Head Citrus Squal,$7.00,N
Cavanaugh's Rittenhouse,New Belgium Fat Tire,New Belgium Voodoo Ranger,$6.50,N
Cavanaugh's Rittenhouse,Warsteiner Premium,Warsteiner Pilsner,$6.00,N
Cavanaugh's Rittenhouse,Anderson Valley Briny Melon Gose,Frozen Astronaut,$6.50,N
Cavanaugh's Rittenhouse,Dogfish SeaQuench,Dogfish Head Seaquench Sour Ale,$6.50,N
Cavanaugh's Rittenhouse,Victory Sour Monkey,Sour Monkey,$7.75,N
Cavanaugh's Rittenhouse,Mummers Row Philly Tea,Mummers Row Philly Tea,$8.00,N
Cavanaugh's Rittenhouse,Stateside Black Cherry Seltzer,Stateside Seltzer,$9.00,N
Cavanaugh's Rittenhouse,Stateside Lemon Cucumber Mint Seltzer,Stateside Seltzer,$9.00,N
Cavanaugh's Rittenhouse,Stateside Orange Seltzer,Stateside Seltzer,$9.00,N
Cavanaugh's Rittenhouse,Surfside Half & Half & Vodka,Surfside Half & Half & Vodka,$9.00,N
Cavanaugh's Rittenhouse,Surfside Iced Tea & Vodka,Surfside Iced Tea & Vodka,$9.00,N
Cavanaugh's Rittenhouse,Surfside Lemonade & Vodka,Surfside Lemonade & Vodka,$9.00,N
Cavanaugh's Rittenhouse,Surfside Peach Tea & Vodka,Surfside Iced Tea & Vodka,$9.00,N
Cavanaugh's Rittenhouse,Twisted Tea Lite,Twisted Tea,$6.50,N
Cavanaugh's Rittenhouse,White Claw Blackberry Seltzer,White Claw,$6.50,N
Cavanaugh's Rittenhouse,White Claw Mango Seltzer,White Claw,$6.50,N
Cavanaugh's Rittenhouse,White Claw Peach,White Claw,$6.50,N
Cavanaugh's Rittenhouse,Roaring Eagle Chardonnay,Chardonnay,$8.50,N
Cavanaugh's Rittenhouse,Eola Hills Pinot Grigio,Pinot Noir,$8.50,N
Cavanaugh's Rittenhouse,Bridge Lane Sauvignon Blanc,Sauvignon Blanc,$9.00,N
Cavanaugh's Rittenhouse,Bridge Lane Rose,Rosé,$10.00,N
Cavanaugh's Rittenhouse,Champagne,Champagne,$8.25,N
Cavanaugh's Rittenhouse,Prosecco,Prosecco,$10.00,N
Cavanaugh's Rittenhouse,Eola Hills Pinot Noir,Pinot Noir,$8.50,N
Cavanaugh's Rittenhouse,Dona Paula Los Cardos Malbec,Malbec,$8.50,N
Cavanaugh's Rittenhouse,Philly Style Cabernet,Cabernet Sauvignon,$8.50,N
1225 Raw Sushi and Sake Lounge,Sumo Punch,Sumo Punch,$7,Y
1225 Raw Sushi and Sake Lounge,Ginger Spirit,Ginger Spirit,$7,Y
1225 Raw Sushi and Sake Lounge,Fruit Sake,Sake,$7,Y
1225 Raw Sushi and Sake Lounge,Pinot Grigio,Pinot Gris / Pinot Grigio,$6,Y
1225 Raw Sushi and Sake Lounge,Chardonnay,Chardonnay,$6,Y
1225 Raw Sushi and Sake Lounge,Cabernet Sauvignon,Cabernet Sauvignon,$6,Y
1225 Raw Sushi and Sake Lounge,Pinot Noir,Pinot Noir,$6,Y
1225 Raw Sushi and Sake Lounge,Bud Light,Bud Light,$5,Y
1518 Bar and Grill,Blue Margarita,Margarita,$7,Y
1518 Bar and Grill,Chardonnay,Chardonnay,$6,Y
1518 Bar and Grill,Pinot Grigio,Pinot Gris / Pinot Grigio,$6,Y
1518 Bar and Grill,Merlot,Merlot,$6,Y
1518 Bar and Grill,Kenzinger Bottle,Kenzinger,$5,Y
1518 Bar and Grill,Budweiser Bottle,Budweiser,$5,Y
1518 Bar and Grill,Coors Light Bottle,Coors Light,$5,Y
1518 Bar and Grill,Miller Lite Bottle,Miller Lite,$5,Y
Air Grille Garden at Dilworth Park,Passion Fruit Margarita made with Hornitos Tequila,Margarita,$7,Y
Air Grille Garden at Dilworth Park,House wine,Vermentino,$6,Y
Air Grille Garden at Dilworth Park,Kona Big Wave beer,Kona Big Wave,$5,Y
Ancient Spirits & Grille,Bee On Thyme,Bee On Thyme,$7,Y
Ancient Spirits & Grille,La Vie En Rose,Rosé,$7,Y
Ancient Spirits & Grille,Gin (Nikka Coffey or Toki Hibiscus),Gin (Nikka Coffey or Toki Hibiscus),$7,Y
Ancient Spirits & Grille,Pinot Grigio Bottle,Pinot Gris / Pinot Grigio,$6,Y
Ancient Spirits & Grille,Red Blend,Red,$6,Y
Ancient Spirits & Grille,Draft Sparkling,Corona Light,$6,Y
Ancient Spirits & Grille,Love City Lager,Love City Lager,$5,Y
Ancient Spirits & Grille,Downeast Cider,Downeast Cider,$5,Y
Ancient Spirits & Grille,New Belgium Voodoo Ranger Juicy Haze,New Belgium Voodoo Ranger,$5,Y
ArtBar at Sonesta Hotel,Man With No Name,Man With No Name,$7,Y
ArtBar at Sonesta Hotel,Rum Swizzle,Rum Swizzle,$7,Y
ArtBar at Sonesta Hotel,Craft Cosmo,Cosmopolitan,$7,Y
ArtBar at Sonesta Hotel,Joel Gott Sauvignon Blanc,Sauvignon Blanc,$6,Y
ArtBar at Sonesta Hotel,Cantina Pinot Grigio,Pinot Gris / Pinot Grigio,$6,Y
ArtBar at Sonesta Hotel,Collier Creek Cabernet,Cabernet Sauvignon,$6,Y
ArtBar at Sonesta Hotel,Day Owl Rose,Rosé,$6,Y
ArtBar at Sonesta Hotel,Michelob Ultra,Michelob Ultra,$5,Y
ArtBar at Sonesta Hotel,Modelo Especial,Modelo,$5,Y
ArtBar at Sonesta Hotel,Yards IPA,Yards IPA,$5,Y
ArtBar at Sonesta Hotel,Sam Adams Summer Love,Sam Adams,$5,Y
The Balcony Bar at the Kimmel Center,The Overture,The Great Eye,$7,Y
The Balcony Bar at the Kimmel Center,The Chorus,The Great Eye,$7,Y
The Balcony Bar at the Kimmel Center,The Crescendo,The Great Eye,$7,Y
The Balcony Bar at the Kimmel Center,Plus a variety of adult sno,Neshaminy Creek Shape of Hops,$7,Y
The Balcony Bar at the Kimmel Center,House Red,Red,$6,Y
The Balcony Bar at the Kimmel Center,House White,White,$6,Y
The Balcony Bar at the Kimmel Center,Tecate,Tecate,$5,Y
Bank and Bourbon,"Philly Sunrise: tequila, house",Tequila Sunrise,$7,Y
Bank and Bourbon,Chardonnay,Chardonnay,$6,Y
Bank and Bourbon,Pinot Noir,Pinot Noir,$6,Y
Bank and Bourbon,Miller Light,Miller Lite,$5,Y
Bar Bombón,La Paloma with Hornitos,Paloma,$7,Y
Bar Bombón,Rosa,Frozen Astronaut,$6,Y
Bar Bombón,Tecate,Tecate,$5,Y
Bar-Ly Chinatown,Hornitos Margarita,Margarita,$7,Y
Bar-Ly Chinatown,Hornitos Sunrise,Tequila Sunrise,$7,Y
Bar-Ly Chinatown,Hornitos Spritzer,Rosemarina,$7,Y
Bar-Ly Chinatown,Cabernet,Cabernet Sauvignon,$6,Y
Bar-Ly Chinatown,Pinot Grigio,Pinot Gris / Pinot Grigio,$6,Y
Bar-Ly Chinatown,White Zinfandel,Zinfandel,$6,Y
Bar-Ly Chinatown,Yuengling,Yuengling,$5,Y
Bar-Ly Chinatown,Corona Premier,Corona Premier,$5,Y
Bar-Ly Chinatown,Miller Lite,Miller Lite,$5,Y
Barbuzzo,Passionfruit Tequila Punch,Tequila Punch,$7,Y
Barbuzzo,Chardonnay,Chardonnay,$6,Y
Barbuzzo,Pinot Noir,Pinot Noir,$6,Y
Barbuzzo,Troegs Sunshine Pils,Troegs Sunshine Pils,$5,Y
Barstool Sansom Street,Barstool Margarita (with Hornitos),Margarita,$7,Y
Barstool Sansom Street,Watermelon Margarita (with Hornitos & Watermelon Red Bull),Margarita,$7,Y
Barstool Sansom Street,Tropical Tequila (with Hornitos and Tropical Red Bull),Margarita,$7,Y
Barstool Sansom Street,Pinot Grigio,Pinot Gris / Pinot Grigio,$6,Y
Barstool Sansom Street,Victory Brothery Love,Victory Brothery Love,$5,Y
The Black Sheep,Hornitos Paloma,Paloma,$7,Y
The Black Sheep,Cabernet,Cabernet Sauvignon,$6,Y
The Black Sheep,Pinot Grigio,Pinot Gris / Pinot Grigio,$6,Y
The Black Sheep,Carlsberg,Carlsberg,$5,Y
The Black Sheep,Yards,Yards IPA,$5,Y
The Black Sheep,Hoegarrden,Hoegarrden,$5,Y
Blume Burger,"Blue Margarita: Hornitos Tequila, Orange Liqueur, Blueberry",Margarita,$7,Y
Blume Burger,Pull Cabernet,Cabernet Sauvignon,$6,Y
Blume Burger,Vin Blanc Chardonnay,Chardonnay,$6,Y
Blume Burger,Sutter Home Rose,Rosé,$6,Y
Blume Burger,2SP Delco Lager,2SP Delco Lager,$5,Y
Blume Burger,Firestone Walker Union Jack IPA,Firestone Walker Union Jack IPA,$5,Y
Blume Burger,Sierra Nevada Pale Ale,Sierra Nevada Pale Ale,$5,Y
Bodega Taco Bar,"Maragritas (Regular, Spicy, Blood Orange, Strawberry)",Maragrita,$7,Y
Bodega Taco Bar,Mojito,Mojito,$7,Y
Bodega Taco Bar,Twin Vines Vinho Verde,Frozen Astronaut,$6,Y
Bodega Taco Bar,House Malbec,Malbec,$6,Y
Bodega Taco Bar,Miller Lite,Miller Lite,$5,Y
Brü Craft & Wurst,Spicy Paloma,Paloma,$7,Y
Brü Craft & Wurst,House Red,Red,$6,Y
Brü Craft & Wurst,House White,White,$6,Y
Brü Craft & Wurst,House Rose,Rosé,$6,Y
Buca D'oro Ristorante,"Madagascar: Fresh lemon juice, hot iris tequila blanco and tamarindo extract",Martini,$7,Y
Buca D'oro Ristorante,"Aperol spritz: Aperol, splash of club soda and prosseco",Aperol Spritz,$7,Y
Buca D'oro Ristorante,Lemon drop martini: vodka lemon juice and simple syrup,Martini,$7,Y
Buca D'oro Ristorante,House Pinot Grigio,Pinot Gris / Pinot Grigio,$6,Y
Buca D'oro Ristorante,House Chianti,White,$6,Y
Buca D'oro Ristorante,House Merlot,Merlot,$6,Y
Butcher Bar,"Aventador: Hornitos Reposado, mango, lime, lemon lime soda",Sheet Bend,$7,Y
Butcher Bar,Red Wine,Red,$6,Y
Butcher Bar,White Wine,Vermentino,$6,Y
Butcher Bar,Michelob Ultra Cans,Michelob Ultra,$5,Y
The Cauldron Philly,Centaur's Cordial: white sangria,White,$7,Y
The Cauldron Philly,"The Blob: Hornitos Blanco, Italicus, Blue Curacao, Creme de violette, lime. Big, Blue, and Bold, it's coming to get you!",Blue Moon,$7,Y
The Cauldron Philly,"The Cauldron Truth Serum: Cucumber and Citrus Infused Gin, elderflower, pink peppercorn, simple, lime",Gin and Tonic,$7,Y
The Cauldron Philly,Pinot Grigio,Pinot Gris / Pinot Grigio,$6,Y
The Cauldron Philly,Cabernet,Cabernet Sauvignon,$6,Y
The Cauldron Philly,Chardonnay,Chardonnay,$6,Y
The Cauldron Philly,Peroni,Peroni,$5,Y
The Cauldron Philly,Fat Heads Sunshine Daydream,Fat Heads Sunshine Daydream,$5,Y
The Cauldron Philly,Mango Cart,Mango Tango,$5,Y
Cavanaugh's Rittenhouse,Paloma,Paloma,$7,Y
Cavanaugh's Rittenhouse,Pinot Grigio,Pinot Gris / Pinot Grigio,$6,Y
Cavanaugh's Rittenhouse,Pinot Noir,Pinot Noir,$6,Y
Cavanaugh's Rittenhouse,Warsteiner Pilsner,Warsteiner Pilsner,$5,Y
Cavanaugh's Rittenhouse,White Claw,White Claw,$5,Y
City Tap House Logan Square,City Tap Margarita with Hornitos Tequila,Margarita,$7,Y
City Tap House Logan Square,Hey Mama Bourbon Punch,Bourbon Punch,$7,Y
City Tap House Logan Square,Oak Grove Pinot Noir,Pinot Noir,$6,Y
City Tap House Logan Square,Bollini Pinot Grigio,Pinot Gris / Pinot Grigio,$6,Y
City Tap House Logan Square,C'est La Vie Rose,Rosé,$6,Y
City Tap House Logan Square,Kenwood Lager,Kenwood Lager,$5,Y
City Tap House Logan Square,PBC Walt Wit,PBC Walt Wit,$5,Y
City Tap House Logan Square,New Trail Crisp Lager,New Trail Crisp Lager,$5,Y
Con Murphy's Irish Pub,"Ranch Wooder with Hornitos Tequila, club soda, lime",Ranch Wooder,$7,Y
Con Murphy's Irish Pub,"Paloma with Hornitos Tequila, grapefruit juice, lime, agave nectar, club soda Blueberry Lemonade with blueberry vodka, lemonade, simple syrup",Paloma,$7,Y
Con Murphy's Irish Pub,Pinot Grigio,Pinot Gris / Pinot Grigio,$6,Y
Con Murphy's Irish Pub,Merlot,Merlot,$6,Y
Con Murphy's Irish Pub,Golden Road Mango Cart Can,Golden Road Mango Cart,$5,Y
Continental Midtown,'Wooder Melon Margarita',Margarita,$7,Y
Continental Midtown,'Northern Lights',Northern Lights,$7,Y
Continental Midtown,'Frozen Astronaut',Frozen Astronaut,$7,Y
Continental Midtown,Domaine De La Patience Red Blend,Red,$6,Y
Continental Midtown,Domaine De La Patience Chardonnay,Chardonnay,$6,Y
Continental Midtown,House Sparkling,White,$6,Y
Continental Midtown,Bud Light,Bud Light,$5,Y
Craftsman Row Saloon,Hornitos Mango Margarita,Margarita,$7,Y
Craftsman Row Saloon,Vodka Mule,Moscow Mule,$7,Y
Craftsman Row Saloon,House Red,Red,$6,Y
Craftsman Row Saloon,House White,White,$6,Y
Craftsman Row Saloon,Modelo Especial lager,Modelo,$5,Y
Craftsman Row Saloon,Kona Big Wave golden ale,Kona Big Wave,$5,Y
Darling Jack's Tavern,Blood Orange Margarita,Margarita,$7,Y
Darling Jack's Tavern,Chardonnay,Chardonnay,$6,Y
Darling Jack's Tavern,Pinot Noir,Pinot Noir,$6,Y
Darling Jack's Tavern,Victory Prima Pils,Victory Prima Pils,$5,Y
Devil's Alley,Paloma,Paloma,$7,Y
Devil's Alley,"Spicy Margarita,",Margarita,$7,Y
Devil's Alley,Mexican Mule,Moscow Mule,$7,Y
Devil's Alley,House Cabernet,Cabernet Sauvignon,$6,Y
Devil's Alley,House Chardonnay,Chardonnay,$6,Y
Devil's Alley,Bud Light,Bud Light,$5,Y
Devil's Alley,Estralla Jalisco,Estralla Jalisco,$5,Y
Dim Sum House by Jane G's,Hibiscus Margarita,Margarita,$7,Y
Dim Sum House by Jane G's,Starwberry Margarita,Margarita,$7,Y
Dim Sum House by Jane G's,House White,White,$6,Y
Dim Sum House by Jane G's,House Red,Red,$6,Y
Dim Sum House by Jane G's,New Trails Crisp Lager,New Trails Crisp Lager,$5,Y
Dolce Italian,Italian Paloma,Hugo,$7,Y
Dolce Italian,Rose',Rosé,$6,Y
Dolce Italian,Pinot Grigio,Pinot Gris / Pinot Grigio,$6,Y
Dolce Italian,Barbera D'Asti,Barbera,$6,Y
Dolce Italian,Sauvignon Blanc,Sauvignon Blanc,$6,Y
Dolce Italian,Cabernet Sauvignon,Cabernet Sauvignon,$6,Y
Dolce Italian,Peroni,Peroni,$5,Y
Dolce Italian,Yards Summer Crush,Yards Summer Crush,$5,Y
Double Knot,"Sheet Bend: Hornitos Tequila, amarena, lime",Sheet Bend,$7,Y
Double Knot,"Barrel Hitch: bourbon, blackberry, lemon",Barrel Hitch,$7,Y
Double Knot,House red wine,Red,$6,Y
Double Knot,House white wine,Vermentino,$6,Y
Double Knot,House rose,Rosé,$6,Y
Double Knot,Montucky Cold Snacks Lage,Montucky Cold Snacks,$5,Y
Drinker's Pub,Hornitos Paloma,Paloma,$7,Y
Drinker's Pub,Pinot Grigio,Pinot Gris / Pinot Grigio,$6,Y
Drinker's Pub,Pinot Noir,Pinot Noir,$6,Y
Drury Beer Garden (DBG),"Sansom St Mule: vodka, lime, ginger beer",Moscow Mule,$7,Y
Drury Beer Garden (DBG),"Hornitos Pear Margarita: tequila, pear, lime, club",Margarita,$7,Y
Drury Beer Garden (DBG),House White,White,$6,Y
Drury Beer Garden (DBG),House Red,Red,$6,Y
Drury Beer Garden (DBG),Modelo Especial lager,Modelo,$5,Y
Drury Beer Garden (DBG),Kona Big Wave golden ale,Kona Big Wave,$5,Y
Fado Irish Pub,Mango Jalapeño Margarita,Margarita,$7,Y
Fado Irish Pub,Sycamore Lane Chardonnay 6oz glass,Chardonnay,$6,Y
Fado Irish Pub,Modelo,Modelo,$5,Y
Fahrenheit 451 Pizza and Bar,Margarita,Margarita,$7,Y
Fahrenheit 451 Pizza and Bar,House wines,White,$6,Y
Flambo Caribbean Restaurant,"Hornitos and select vodka, gin and rum cocktails",Gin and Tonic,$7,Y
Flambo Caribbean Restaurant,Chardonnay,Chardonnay,$6,Y
Flambo Caribbean Restaurant,Cabernet,Cabernet Sauvignon,$6,Y
Giovani's Bar & Grill,Gio's Tea,Gio's Tea,$7,Y
Giovani's Bar & Grill,Pinot Grigio,Pinot Gris / Pinot Grigio,$6,Y
Giovani's Bar & Grill,Michelob Ultra,Michelob Ultra,$5,Y
Giuseppe and Sons,"La Grenada Hornitos Tequila, Pomegranate, Soda Hotel Nacional Rum, Pineapple, Apricot",La Grenada,$7,Y
Giuseppe and Sons,Vino Rosso,Vino Rosso,$6,Y
Giuseppe and Sons,Vino Bianco,Vino Bianco,$6,Y
The Goat Rittenhouse,Pomegranate Margarita,Margarita,$7,Y
The Goat Rittenhouse,Spinelli Pinot Grigio,Pinot Gris / Pinot Grigio,$6,Y
The Goat Rittenhouse,Arizona Hard Ice Tea,Arizona Hard Ice Tea,$5,Y
Gran Caffe L'Aquila,Margarita Calabrese,Margarita,$7,Y
Gran Caffe L'Aquila,"Hornitos Tequila, Caffo Orange Liqueur, Lemon, Limoncello Kiss.",Rosemarina,$7,Y
Gran Caffe L'Aquila,"Hugo: The cocktail of Italian summer Prosecco, Fresh Mint, Elderflower",Hugo,$7,Y
Gran Caffe L'Aquila,"Aperol Spritz: The official Aperitivo of Italy! Prosecco, Aperol & a spritz of club soda",Aperol Spritz,$7,Y
Gran Caffe L'Aquila,Vino Bianco: Falanghina sannino,Vino Bianco,$6,Y
Gran Caffe L'Aquila,Vino Rosso: Veneto rosso,Vino Rosso,$6,Y
Gran Caffe L'Aquila,Peroni (Lombardia) 5.10% the original Italian lager. a high quality malt and hop lager,Peroni,$5,Y
Hard Rock Cafe,Hornitos Jalapeno Infused Spicy Margarita,Margarita,$7,Y
Hard Rock Cafe,White Peach Sangria,White,$7,Y
Hard Rock Cafe,House wine,Vermentino,$6,Y
Harp & Crown,"The Secret Garden Hornitos Tequila, Watermelon, Lime",The Secret Garden,$7,Y
Harp & Crown,House Cocktail,Hugo,$7,Y
The Hayes,Hornitos Tequila Margarita,Margarita,$7,Y
The Hayes,White,White,$6,Y
The Hayes,Rose,Rosé,$6,Y
The Hayes,Red,Red,$6,Y
The Hayes,Coors Light Draft,Coors Light,$5,Y
The Hayes,Pacifico,Pacifico,$5,Y
The Hayes,Miller High Life,Miller High Life,$5,Y
The Hayes,Michelob Ultra,Michelob Ultra,$5,Y
Independence Beer Garden,"Paloma Hornitos tequila, grapefruit, soda",Paloma,$7,Y
Independence Beer Garden,"Down the Shore Vodka, Raspberry, Lemon",Martini,$7,Y
Independence Beer Garden,House Red,Red,$6,Y
Independence Beer Garden,House Rose,Rosé,$6,Y
Independence Beer Garden,House White,White,$6,Y
Independence Beer Garden,Miller High Life draft,Miller High Life,$5,Y
Iron Hill Brewery & Restaurant,"Margarita: Hornitos Plata, Triple Sec, Sour Mix",Margarita,$7,Y
Iron Hill Brewery & Restaurant,"Mojito: Rum, Lime Juice, Simple Syrup, Mint",Mojito,$7,Y
Iron Hill Brewery & Restaurant,"Vodka Lemonade: Vodka, Triple Sec, House Lemonade",Surfside Lemonade & Vodka,$7,Y
Iron Hill Brewery & Restaurant,"Whiskey Sour: Bourbon, Triple Sec, Sour Mix",Whiskey Sour,$7,Y
Iron Hill Brewery & Restaurant,House Red,Red,$6,Y
Iron Hill Brewery & Restaurant,House White,White,$6,Y
Iron Hill Brewery & Restaurant,House Rose,Rosé,$6,Y
Iron Hill Brewery & Restaurant,Sunny in Pils,Sunny in Pils,$5,Y
Iron Hill Brewery & Restaurant,Iron Hill Light Lager,Iron Hill Light Lager,$5,Y
Iron Hill Brewery & Restaurant,Vienna Red Lager,Vienna Red Lager,$5,Y
Iron Hill Brewery & Restaurant,Brambleberry,Brambleberry,$5,Y
Iron Hill Brewery & Restaurant,Homestead,Homestead,$5,Y
Iron Hill Brewery & Restaurant,Pig Iron Porter,Pig Iron Porter,$5,Y
Kook Burger & Bar,Spicy Peach Margarita,Margarita,$7,Y
Kook Burger & Bar,Echo Bay Sauvignon Blanc,Sauvignon Blanc,$6,Y
Kook Burger & Bar,Philly United,Philly Uniteds,$5,Y
Ladder 15,Hornitos Paloma,Paloma,$7,Y
Ladder 15,Surfside,Surfside Lemonade & Vodka,$7,Y
Ladder 15,Pinot Grigio,Pinot Gris / Pinot Grigio,$6,Y
Ladder 15,Micholob ultra,Michelob Ultra,$5,Y
Leda and the Swan Cocktail Lounge,Raging Bull,Frozen Astronaut,$7,Y
Leda and the Swan Cocktail Lounge,Everyday is a Good Day,Frozen Astronaut,$7,Y
Leda and the Swan Cocktail Lounge,My Passion is Your Passion,Frozen Astronaut,$7,Y
Leda and the Swan Cocktail Lounge,Everyday Rose Seltzer Can,Rosé,$6,Y
Leda and the Swan Cocktail Lounge,Kirin Bottle,Kirin,$5,Y
Leda and the Swan Cocktail Lounge,Kirin Light Bottle,Kirin Light,$5,Y
Little Nonna's,Italian Paloma,Hugo,$7,Y
Little Nonna's,Pinot Grigio,Pinot Gris / Pinot Grigio,$6,Y
Little Nonna's,Montepulciano,Frozen Astronaut,$6,Y
Little Nonna's,Peroni Italian Lager,Peroni,$5,Y
Marathon 16th & Sansom,Blue Margarita,Margarita,$7,Y
Marathon 16th & Sansom,House Merlot,Merlot,$6,Y
Marathon 16th & Sansom,House Chardonnay,Chardonnay,$6,Y
Marathon 16th & Sansom,Michelob Ultra draft,Michelob Ultra,$5,Y
Misconduct Tavern,Paloma,Paloma,$7,Y
Misconduct Tavern,Bud Light,Bud Light,$5,Y
The Mulberry on Arch,Dragonfruit Spritz,Aperol Spritz,$7,Y
The Mulberry on Arch,Rose,Rosé,$6,Y
The Mulberry on Arch,PBR,PBR,$5,Y
The Mulberry on Arch,Solid Gold Founders,Solid Gold Founders,$5,Y
Pagano's Market and Bar,Hornitos Margaritas,Margarita,$7,Y
Patchwork,Tamarind Spritz,Aperol Spritz,$7,Y
Patchwork,House Red,Red,$6,Y
Patchwork,House White,White,$6,Y
The Patio @ Thirteen Restaurant,Hornitos Paloma,Paloma,$7,Y
The Patio @ Thirteen Restaurant,Blue Margarita,Margarita,$7,Y
The Patio @ Thirteen Restaurant,Ginger Rose,Ginger Spirit,$7,Y
The Patio @ Thirteen Restaurant,Pink Champagne Margarita,Margarita,$7,Y
The Patio @ Thirteen Restaurant,Cranberry Moscow Mule,Moscow Mule,$7,Y
The Patio @ Thirteen Restaurant,Woodbridge Chardonnay,Chardonnay,$6,Y
The Patio @ Thirteen Restaurant,Don Miguel Gascon Malbec,Malbec,$6,Y
The Patio @ Thirteen Restaurant,Line 30 California Rosé,Frozen Astronaut,$6,Y
The Patio @ Thirteen Restaurant,Nobilo Sauvignon Blanc,Sauvignon Blanc,$6,Y
The Patio @ Thirteen Restaurant,Mark West Pinot Noir,Pinot Noir,$6,Y
The Patio @ Thirteen Restaurant,Coors Light,Coors Light,$5,Y
The Patio @ Thirteen Restaurant,Miller Light,Miller Lite,$5,Y
The Patio @ Thirteen Restaurant,Michelob Ultra,Michelob Ultra,$5,Y
The Patio @ Thirteen Restaurant,Stella Artois,Stella Artois,$5,Y
The Patio @ Thirteen Restaurant,Dogfish Head IPA,Dogfish Head IPA,$5,Y
The Patio @ Thirteen Restaurant,Victory Dirtwolf Double IPA,Victory Dirtwolf Double IPA,$5,Y
Pearl & Mary,"Gimlet: Vodka, Lime, Simple",Mojito,$7,Y
Pearl & Mary,"Paloma: Hornitos Tequila, Grapefruit, Soda",Paloma,$7,Y
Pearl & Mary,White,White,$6,Y
Pearl & Mary,Red,Red,$6,Y
Pearl & Mary,Rosé,Rosé,$6,Y
Pearl & Mary,Sparkling,Sparkling,$6,Y
Prunella,Pistola Rosa,Frozen Astronaut,$7,Y
Prunella,"Hornitos Tequila, Cocchi, Grapefruit",Rosemarina,$7,Y
Prunella,Honey Fitzgerald,Frozen Astronaut,$7,Y
Prunella,"Gin, Grappa, Lemon",Martini,$7,Y
Prunella,House White,White,$6,Y
Prunella,House Rosé,Rosé,$6,Y
Prunella,House Red,Red,$6,Y
Sampan,Prickly Pear Margarita,Margarita,$7,Y
Sampan,"Hornitos Tequila, Prickly Pear",Rosemarina,$7,Y
Sampan,Ming Mule,Moscow Mule,$7,Y
Sampan,"Vodka, Mint, Lychee, Ginger",Ginger Spirit,$7,Y
Sampan,House Rose wine and Pinenapple wine,Rosé,$6,Y
Sueno,Spicy Paloma,Paloma,$7,Y
Sueno,House Red,Red,$6,Y
Sueno,House White,White,$6,Y
Sueno,House Rose,Rosé,$6,Y
Thanal Indian Tavern,Classic Margarita with Hornitos Tequila,Margarita,$7,Y
Thanal Indian Tavern,Cocktail of the day,Hugo,$7,Y
Thanal Indian Tavern,House wines and daily special wines,Mai Tai,$6,Y
Time Restaurant,The Great Eye,The Great Eye,$7,Y
Time Restaurant,Merlot,Merlot,$6,Y
Time Restaurant,Pinot Grigio,Pinot Gris / Pinot Grigio,$6,Y
Time Restaurant,Love City Lager,Love City Lager,$5,Y
Tir Na Nog Irish Bar & Grill,"Fresh Squeezed Margarita: Hornitos Tequila, Orange Juice, Fresh Squeezed Lemon & Lime Juice, Agave & Grand Marnier with a Salted Rim",Margarita,$7,Y
Tir Na Nog Irish Bar & Grill,"Peach Martini: Vodka, Orange Juice, Peach Schnapps, Triple Sec & Lime Juice",Surfside Iced Tea & Vodka,$7,Y
Tir Na Nog Irish Bar & Grill,Starborough Sauvignon Blanc,Sauvignon Blanc,$6,Y
Tir Na Nog Irish Bar & Grill,Dark Horse Rose,Rosé,$6,Y
Tir Na Nog Irish Bar & Grill,Stateside Orange Seltzer,Stateside Seltzer,$5,Y
Tir Na Nog Irish Bar & Grill,Strongbow Cider,Strongbow Cider,$5,Y
Top Tomato Bar & Pizza,Sunset On Top,Sunset On Top,$7,Y
Top Tomato Bar & Pizza,High Noon,High Noon,$7,Y
Top Tomato Bar & Pizza,Espresso Martini,Espresso Martini,$7,Y
Top Tomato Bar & Pizza,Classic Mule,Moscow Mule,$7,Y
Top Tomato Bar & Pizza,Hammered Hulk,Hammered Hulk,$7,Y
Top Tomato Bar & Pizza,Mango Tango,Mango Tango,$7,Y
Top Tomato Bar & Pizza,Philly Flush,Philly Flush,$7,Y
Top Tomato Bar & Pizza,House wine,Vermentino,$6,Y
Tradesman's,Trading Sunrises,Frozen Astronaut,$7,Y
Tradesman's,House Red,Red,$6,Y
Tradesman's,House White,White,$6,Y
Tradesman's,House Rose,Rosé,$6,Y
Uptown Beer Garden,Pineapple Lemonade,Pineapple Lemonade,$7,Y
Uptown Beer Garden,House Red,Red,$6,Y
Uptown Beer Garden,House White,White,$6,Y
Uptown Beer Garden,House Rose,Rosé,$6,Y
Veda - Modern Indian Bistro,Spicy Margarita,Margarita,$7,Y
Veda - Modern Indian Bistro,Stemmari Red Wine,Red,$6,Y
Veda - Modern Indian Bistro,Povero Favorita White Wine,Vermentino,$6,Y
Veda - Modern Indian Bistro,Rupee Lager,Rupee Lager,$5,Y
Via Locusta,"Rosemarina: Hornitos Tequila, Rosemary, Grapefruit",Rosemarina,$7,Y
Via Locusta,"Hugo Spritz: Elderflower, Mint, Lemon",Hugo,$7,Y
Via Locusta,White,White,$6,Y
Via Locusta,Oskar Blues,Oskar Blues,$5,Y
Vintage Wine Bar & Bistro,Roots & Culture,Roots & Culture,$7,Y
Vintage Wine Bar & Bistro,Barbera (Red wine),Barbera,$6,Y
Vintage Wine Bar & Bistro,Vermentino (White wine),Vermentino,$6,Y
Vintage Wine Bar & Bistro,Love City Lager,Love City Lager,$5,Y
Walnut Garden - Temporarily Closed,"A Walk in the Park: Hornitos Plata Tequila, Strawberry, Watermelon, Lime",The Secret Garden,$7,Y
Walnut Garden - Temporarily Closed,Rose (Grenache | Cinsauly),Grenache,$6,Y
Walnut Garden - Temporarily Closed,Walnut Garden Lager,Walnut Garden Lager,$5,Y
The Wayward,"Wooder Melon (Hornitos blanco tequila, salted watermelon, combier, lime, jalepeno oil",The Secret Garden,$7,Y
The Wayward,Proverb Pinot Grigio,Pinot Gris / Pinot Grigio,$6,Y
The Wayward,Proverb Pinot Noir,Pinot Noir,$6,Y
The Wayward,Love City Lager,Love City Lager,$5,Y
Wicked Wolf,Hornitos Paloma,Paloma,$7,Y
Wrap Shack,Hornitos Tequila Paloma,Paloma,$7,Y
Wrap Shack,Well Liquor,Well Liquor,$7,Y
Wrap Shack,Pinot Grigio,Pinot Gris / Pinot Grigio,$6,Y
Wrap Shack,PBR,PBR,$5,Y
Tir Na Nog Irish Bar & Grill,Signature Old Fashioned,Old Fashioned,$12.00,N
Tir Na Nog Irish Bar & Grill,Signature Manhattan,Manhattan,$12.00,N
Tir Na Nog Irish Bar & Grill,Signature Irish Whiskey Sour,Irish Coffee,$12.00,N
Tir Na Nog Irish Bar & Grill,Signature Irish Coffee,Irish Coffee,$9.50,N
Tir Na Nog Irish Bar & Grill,Signature Gin & Tonic,Gin and Tonic,$11.00,N
Tir Na Nog Irish Bar & Grill,Irish Coffee,Irish Coffee,$9.50,N
Tir Na Nog Irish Bar & Grill,Guinness,Guinness,$7.25,N
Tir Na Nog Irish Bar & Grill,Harp,Harp,$5.00,N
Tir Na Nog Irish Bar & Grill,Strongbow Gold Apple,Strongbow Cider,$7.00,N
Tir Na Nog Irish Bar & Grill,Smithwicks,Smithwicks,$5.50,N
Tir Na Nog Irish Bar & Grill,Sam Adams Winter Lager- Beer of the Month,Sam Adams Winter Lager,$7.00,N
Tir Na Nog Irish Bar & Grill,Golden Road Mango Kart,Golden Road Mango Cart,$7.00,N
Tir Na Nog Irish Bar & Grill,Victory Brotherly Love,Victory Brotherly Love,$7.00,N
Tir Na Nog Irish Bar & Grill,Cape May Crushin It Orange IPA,Cape May Crushin It Orange IPA,$8.00,N
Tir Na Nog Irish Bar & Grill,Two Roads Lil Heaven IPA,Two Roads Lil Heaven IPA,$7.00,N
Tir Na Nog Irish Bar & Grill,Yards Philly Pale Ale,Yards Philly Pale Ale,$7.00,N
Tir Na Nog Irish Bar & Grill,Yuengling,Yuengling,$5.75,N
Tir Na Nog Irish Bar & Grill,Allagash,Allagash,$7.00,N
Tir Na Nog Irish Bar & Grill,Carlsberg,Carlsberg,$6.75,N
Tir Na Nog Irish Bar & Grill,Stella Artois,Stella Artois,$7.25,N
Tir Na Nog Irish Bar & Grill,Kronenberg,Kronenberg,$7.00,N
Tir Na Nog Irish Bar & Grill,Lagunitas IPA,Lagunitas IPA,$7.00,N
Tir Na Nog Irish Bar & Grill,Cigar City Jai Alai,Cigar City Jai Alai,$7.00,N
Tir Na Nog Irish Bar & Grill,Sierra Nevada Pale Ale,Sierra Nevada Pale Ale,$6.75,N
Tir Na Nog Irish Bar & Grill,Yards Philty Hazy IPA,Yards Philty Hazy IPA,$7.00,N
Tir Na Nog Irish Bar & Grill,Lancaster Milk Stout,Lancaster Milk Stout,$6.75,N
Tir Na Nog Irish Bar & Grill,Lefthand Milk Stout,Lefthand Milk Stout,$6.75,N
Tir Na Nog Irish Bar & Grill,St. Bernardus ABT 12,St. Bernardus ABT 12,$10.00,N
Tir Na Nog Irish Bar & Grill,Angry Orchard Crisp Apple Cider,Angry Orchard Apple Cider,$6.50,N
Tir Na Nog Irish Bar & Grill,Angry Orchard Rose Cider,Angry Orchard Apple Cider,$6.50,N
Tir Na Nog Irish Bar & Grill,Dogfish Head Seaquench Sour Ale,Dogfish Head Seaquench Sour Ale,$6.50,N
Tir Na Nog Irish Bar & Grill,Magners Irish Cider,Magners Apple Cider,$7.00,N
Tir Na Nog Irish Bar & Grill,Magners Pear Irish Cider,Magners Apple Cider,$7.00,N
Tir Na Nog Irish Bar & Grill,White Claw Mango,White Claw,$7.25,N
Tir Na Nog Irish Bar & Grill,White Claw Black Cherry,White Claw,$7.25,N
Tir Na Nog Irish Bar & Grill,Amstel Light,Amstel Light,$6.25,N
Tir Na Nog Irish Bar & Grill,Budweiser,Budweiser,$6.00,N
Tir Na Nog Irish Bar & Grill,Bud Light,Bud Light,$6.00,N
Tir Na Nog Irish Bar & Grill,Coors Light,Coors Light,$6.00,N
Tir Na Nog Irish Bar & Grill,Corona,Corona,$6.50,N
Tir Na Nog Irish Bar & Grill,Corona Light,Corona Light,$6.50,N
Tir Na Nog Irish Bar & Grill,Heineken,Heineken,$6.50,N
Tir Na Nog Irish Bar & Grill,Heinken Light,Heinken Light,$6.50,N
Tir Na Nog Irish Bar & Grill,Heineken 0.0,Heineken,$6.00,N
Tir Na Nog Irish Bar & Grill,Michelob Ultra,Michelob Ultra,$5.50,N
Tir Na Nog Irish Bar & Grill,Miller Lite,Miller Lite,$6.00,N
Tir Na Nog Irish Bar & Grill,Miller Highlife,Miller Lite,$5.00,N
Tir Na Nog Irish Bar & Grill,Twisted Tea,Twisted Tea,$6.00,N
Tir Na Nog Irish Bar & Grill,Yuengling,Yuengling,$5.00,N
Tir Na Nog Irish Bar & Grill,"Elmo Pio Pinot Grigio 2018 (Veneto, Italy)",Pinot Gris / Pinot Grigio,$9.75,N
Tir Na Nog Irish Bar & Grill,"BV Century Cellars Chardonnay 2019 (Napa Valley, CA)",Chardonnay,$9.75,N
Tir Na Nog Irish Bar & Grill,J. Roget Brut Sparkling White,White,$8.00,N
Tir Na Nog Irish Bar & Grill,"Rosehaven Rosé 2018 (Modesto, CA)",Rosé,$9.25,N
Tir Na Nog Irish Bar & Grill,"Proverb Merlot 2018 (Nappa Valley, CA)",Merlot,$11.25,N
Tir Na Nog Irish Bar & Grill,"Conquista Malbec 2018 (Mendoza, Argentina)",Malbec,$11.25,N
