"BUSINESS","BUSINESS_TAGS","TIME","WEEKDAY","OCCURRENCE_TYPES","NEIGHBORHOOD","ADDRESS_STREET","ADDRESS_UNIT","ADDRESS_CITY","ADDRESS_STATE","ADDRESS_ZIP","PRIZE_1_TYPE","PRIZE_1_AMOUNT","PRIZE_2_TYPE","PRIZE_2_AMOUNT","PRIZE_3_TYPE","PRIZE_3_AMOUNT","HOST","EVENT_TYPE","Full_Address","Latitude","Longitude"
"Triple Bottom Brewing","Brewery,restaurant","6:00 PM","WEDNESDAY","FIRST_OF_MONTH,THIRD_OF_MONTH","Spring Arts","915 Spring Garden St","","Philadelphia","PA","19123","",,"",,"",,"","QUIZZO","915 SPRING GARDEN ST, PHILADELPHIA, PA, 19123",39.9621393,-75.1533935
"Tonelli's","Pizzeria,bar","7:00 PM","TUESDAY","","","278 Easton Rd","","Horsham","PA","19044","",,"",,"",,"","QUIZZO","278 EASTON RD, HORSHAM, PA, 19044",40.1770278,-75.128112
"Jerry's Bar","Restaurant,bar","7:00 PM","TUESDAY","","Northern Liberties","129 W Laurel St","","Philadelphia","PA","19123","Gift Card",50,"",,"",,"Thephillyquizzo","QUIZZO","129 W LAUREL ST, PHILADELPHIA, PA, 19123",39.9651497,-75.1388845
"Mifflin Tavern","Restaurant,bar","7:00 PM","THURSDAY","","Pennsport","1843 S 2nd St","","Philadelphia","PA","19148","",,"",,"",,"","QUIZZO","1843 S 2ND ST, PHILADELPHIA, PA, 19148",39.924378,-75.1498531
"Jose Pistolas","Restaurant,bar","6:30 PM","MONDAY","","Center City","263 S 15th St","","Philadelphia","PA","19102","",,"",,"",,"","QUIZZO","263 S 15TH ST, PHILADELPHIA, PA, 19102",39.9479465,-75.1664047
"The Victoria Freehouse","Restaurant,bar,british Pub","8:00 PM","WEDNESDAY","","Old City","10 S Front St","","Philadelphia","PA","19106","",,"",,"",,"","QUIZZO","10 S FRONT ST, PHILADELPHIA, PA, 19106",39.9493252,-75.1423614
"Mechanical Brewery","Brewery","6:30 PM","THURSDAY","","","5 Perina Blvd Suite","800","Cherry Hill","NJ","8003","",,"",,"",,"","QUIZZO","5 PERINA BLVD SUITE, 800, CHERRY HILL, NJ, 8003",39.90107159488436,-74.98447087425866
"Stogie Joe's Tavern","Restaurant,bar","7:00 PM","MONDAY","","Newbold","1721 S Chadwick St","","Philadelphia","PA","19145","Cash",100,"Gift Card",50,"Gift Card",25,"","QUIZZO","1721 S CHADWICK ST, PHILADELPHIA, PA, 19145",39.9293336,-75.1729067
"Gaul & Co. Rockledge","Restaurant,bar","8:00 PM","TUESDAY","","","704 Huntingdon Pike","","Rockledge","PA","19046","",,"",,"",,"","QUIZZO","704 HUNTINGDON PIKE, ROCKLEDGE, PA, 19046",40.0843803,-75.0931624
"The Thirsty Dice","Restaurant,bar,board Games","6:30 PM","WEDNESDAY","","Fairmount","1642 Fairmount Ave","","Philadelphia","PA","19130","",,"",,"",,"","QUIZZO","1642 FAIRMOUNT AVE, PHILADELPHIA, PA, 19130",39.9669247,-75.1652857
"Libertee Grounds","Restaurant,bar,golf","7:00 PM","THURSDAY","","Francisville","1600 W Girard Ave","SUITE C5","Philadelphia","PA","19130","",,"",,"",,"","QUIZZO","1600 W GIRARD AVE, SUITE C5, PHILADELPHIA, PA, 19130",39.9716394,-75.1635676
"Neshaminy Brewing","Brewery","7:05 PM","THURSDAY","THIRD_OF_MONTH","","909 Ray Ave","","Croydon","PA","19021","",,"",,"",,"Lunch Money Quizzo","QUIZZO","909 RAY AVE, CROYDON, PA, 19021",40.0853767,-74.9022245
"Victory Brewing Company","Brewery,restaurant","6:30 PM","MONDAY","","Center City","1776 Ben Franklin Parkway","","Philadelphia","PA","19103","Gift Card",50,"Gift Card",25,"Beer Six Pack",1,"","QUIZZO","1776 BEN FRANKLIN PARKWAY, PHILADELPHIA, PA, 19103",41.0333063,-80.4006399
"East Branch Brewing Co","Brewery,restaurant","7:00 PM","WEDNESDAY","","","202 E Lancaster Ave","","Downingtown","PA","19335","Gift Card",30,"",,"",,"","QUIZZO","202 E LANCASTER AVE, DOWNINGTOWN, PA, 19335",40.0067258,-75.700761
"LaScala's Birra","Restaurant,bar","8:00 PM","THURSDAY","","Passyunk","1700 E Passyunk Ave","","Philadelphia","PA","19148","",,"",,"",,"Johnny Goodtimes","QUIZZO","1700 E PASSYUNK AVE, PHILADELPHIA, PA, 19148",39.9286303,-75.165139
"Pj's Oaks","Restaurant,bar","8:30 PM","WEDNESDAY","","","180 Mill Rd","","Oaks","PA","19456","",,"",,"",,"The Quizzo Guys","QUIZZO","180 MILL RD, OAKS, PA, 19456",40.1292868,-75.4530876
"Bonks Bar","Restaurant,bar","8:00 PM","TUESDAY","","Port Richmond","3467 Richmond St","","Philadelphia","PA","19134","",,"",,"",,"","QUIZZO","3467 RICHMOND ST, PHILADELPHIA, PA, 19134",39.9862867,-75.0948654
"Mount Airy Tap Room","Restaurant,bar","8:00 PM","TUESDAY","","Mount Airy","300 W Mt Pleasant Ave","","Philadelphia","PA","19119","Gift Card",50,"Gift Card",30,"",,"","QUIZZO","300 W MT PLEASANT AVE, PHILADELPHIA, PA, 19119",40.0539139,-75.194211
"JJ Mallon’s","Restaurant,bar","9:00 PM","WEDNESDAY","","Fishtown","36 W Girard Ave","","Philadelphia","PA","19123","",,"",,"",,"","QUIZZO","36 W GIRARD AVE, PHILADELPHIA, PA, 19123",39.9687479,-75.1359462
"Kildares","Restaurant,bar,irish Pub","9:00 PM","MONDAY","","","18 W Gay St","","West Chester","PA","19380","",,"",,"",,"","QUIZZO","18 W GAY ST, WEST CHESTER, PA, 19380",39.9600573,-75.6054734
"TWISTED GINGERS","Brewery,restaurant","6:30 PM","MONDAY","","Manayunk","4317 Fleming St","","Philadelphia","PA","19128","",,"",,"",,"Brewtenant Dan","QUIZZO","4317 FLEMING ST, PHILADELPHIA, PA, 19128",40.0275252,-75.2185435
"Santucci's","Pizzeria","7:00 PM","WEDNESDAY","","West Poplar","655 N Broad St","","Philadelphia","PA","19123","",,"",,"",,"Sjk","QUIZZO","655 N BROAD ST, PHILADELPHIA, PA, 19123",39.965878,-75.160545
"Cavanaugh's Rittenhouse","Restaurant,bar","6:30 PM","MONDAY","","Rittenhouse Square","1823 Sansom St","","Philadelphia","PA","19103","",,"",,"",,"Quizzoinphilly","QUIZZO","1823 SANSOM ST, PHILADELPHIA, PA, 19103",39.9510375,-75.1709241
"Gaul & Co. Malthouse","Restaurant,bar","8:00 PM","TUESDAY","","Port Richmond","2619 E. Indiana Ave","","Philadelphia","PA","19134","",,"",,"",,"Sealyons86","QUIZZO","2619 E. INDIANA AVE, PHILADELPHIA, PA, 19134",39.9826447,-75.1075175
"Dahlak","Restaurant,bar","6:30 PM","THURSDAY","","Cedar Park","4708 Baltimore Ave","","Philadelphia","PA","19143","",,"",,"",,"","QUIZZO","4708 BALTIMORE AVE, PHILADELPHIA, PA, 19143",39.94835,-75.2173572
"Char and Stave","Roastery,distillery","7:00 PM","TUESDAY","","","21 Rittenhouse Pl","","Ardmore","PA","19003","",,"",,"",,"","QUIZZO","21 RITTENHOUSE PL, ARDMORE, PA, 19003",40.0064016,-75.2896044
"Dave & Buster's Philadelphia","Bar,arcade","7:30 PM","TUESDAY","","Delaware Ave","325 N Christopher Columbus Blvd","","Philadelphia","PA","19106","",,"",,"",,"Geeks Who Drink","QUIZZO","325 N CHRISTOPHER COLUMBUS BLVD, PHILADELPHIA, PA, 19106",39.9549841,-75.1394961
"Neshaminy Creek Brewing Dublin","Brewery","7:00 PM","THURSDAY","FIRST_OF_MONTH","","139 N Main St","UNIT 1","Dublin","PA","18917","",,"",,"",,"Lunch Money Quizzo","QUIZZO","139 N MAIN ST, UNIT 1, DUBLIN, PA, 18917",40.368863,-75.2816328
"Yards Brewing Company","Brewery","7:30 PM","THURSDAY","","Fishtown","436 E Girard Ave","","Philadelphia","PA","19125","",,"",,"",,"","QUIZZO","436 E GIRARD AVE, PHILADELPHIA, PA, 19125",39.9704195,-75.129135
"Rams Pizza","Pizzeria","8:00 PM","TUESDAY","","","25 E Broadway Ave","","Clifton Heights","PA","19018","",,"",,"",,"","QUIZZO","25 E BROADWAY AVE, CLIFTON HEIGHTS, PA, 19018",39.9284343,-75.2940756
"New Wave Cafe","Restaurant,bar","8:00 PM","MONDAY","","Bella Vista","784 S 3rd St","","Philadelphia","PA","19147","Cash",50,"Cash",25,"",,"Jawnyq","QUIZZO","784 S 3RD ST, PHILADELPHIA, PA, 19147",39.9381255,-75.148436
"Strangelove's","Restaurant,bar","8:00 PM","MONDAY","","Center City","216 S 11th Street","","Philadelphia","PA","19107","Gift Card",40,"",,"",,"Jb","QUIZZO","216 S 11TH STREET, PHILADELPHIA, PA, 19107",39.9480826,-75.1592322
"Side Bar","Restaurant,bar","8:00 PM","WEDNESDAY","","","10 East Gay Street","","West Chester","PA","19380","",,"",,"",,"Mike Argy","QUIZZO","10 EAST GAY STREET, WEST CHESTER, PA, 19380",39.960555,-75.6047278
"The International Bar","Restaurant,bar","7:00 PM","WEDNESDAY","FIRST_OF_MONTH","Fishtown","1624 N Front St","","Philadelphia","PA","19122","",,"",,"",,"Mikev Ee","QUIZZO","1624 N FRONT ST, PHILADELPHIA, PA, 19122",39.9749539,-75.1345266
"World of Beer Exton","Restaurant,bar","6:30 PM","SUNDAY","","","102 Main St","STE 100","Exton","PA","19341","",,"",,"",,"Quizzo With Alyssa","QUIZZO","102 MAIN ST, STE 100, EXTON, PA, 19341",40.0236527,-75.6293103
"Kraftwork Bar","Restaurant,bar","7:30 PM","THURSDAY","","Fishtown","541 E Girard Ave","","Philadelphia","PA","19125","",,"",,"",,"","QUIZZO","541 E GIRARD AVE, PHILADELPHIA, PA, 19125",39.9715104,-75.1273351
"Tannery Run Brew Works","Restaurant,bar","7:00 PM","WEDNESDAY","","","131 E Butler Ave","","Ambler","PA","19002","",,"",,"",,"","QUIZZO","131 E BUTLER AVE, AMBLER, PA, 19002",40.1551034,-75.2209097
"State Street Pub","Restaurant,bar","9:00 PM","WEDNESDAY","","","37 E State St","","Media","PA","19063","",,"",,"",,"","QUIZZO","37 E STATE ST, MEDIA, PA, 19063",39.9178175,-75.3879727
"Oaklyn Manor Bar","Restaurant,bar","7:00 PM","TUESDAY","","","198 W Clinton Ave","","Oaklyn","NJ","8107","",,"",,"",,"","QUIZZO","198 W CLINTON AVE, OAKLYN, NJ, 8107",39.902344,-75.081255
"West End","Restaurant,bar","7:30 PM","THURSDAY","","","750 N West End Blvd","","Quakertown","PA","18951","",,"",,"",,"","QUIZZO","750 N WEST END BLVD, QUAKERTOWN, PA, 18951",40.4632383,-75.3697421
"The Village Pub","Restaurant,bar","7:00 PM","TUESDAY","","","5 Village Center Dr","","Swedesboro","NJ","8085","",,"",,"",,"","QUIZZO","5 VILLAGE CENTER DR, SWEDESBORO, NJ, 8085",40.2414,-74.308778
"Adobe Cafe","Restaurant,bar,cantina","8:00 PM","THURSDAY","","Bella Vista","736 S 8th St","","Philadelphia","PA","19147","",,"",,"",,"","QUIZZO","736 S 8TH ST, PHILADELPHIA, PA, 19147",39.9404652,-75.1561305
"North Penn Social Club","Bar,social Club","7:30 PM","TUESDAY","","","141 S Main St","","North Wales","PA","19454","",,"",,"",,"The Quizzo Guys","QUIZZO","141 S MAIN ST, NORTH WALES, PA, 19454",40.2105502,-75.2768306
"Vonc Brewing Co.","Brewery","7:00 PM","THURSDAY","","","1210 Stanbridge St","SUITE 300","Norristown","PA","19401","",,"",,"",,"Mike Argy","QUIZZO","1210 STANBRIDGE ST, SUITE 300, NORRISTOWN, PA, 19401",40.1299855,-75.3453432
"Stolen Sun Brewing and Roasting","Brewery,roastery","6:30 PM","WEDNESDAY","","","342 N Pottstown Pike","SUITE B","Exton","PA","19341","",,"",,"",,"Shamus Halloran","QUIZZO","342 N POTTSTOWN PIKE, SUITE B, EXTON, PA, 19341",40.0541068,-75.6405673
"Tin Can Bar","Restaurant,bar","6:00 PM","MONDAY","","Port Richmond","2537 E Somerset St","","Philadelphia","PA","19134","Gift Card",50,"",,"",,"Eli's Quizzo Revival","QUIZZO","2537 E SOMERSET ST, PHILADELPHIA, PA, 19134",39.981572,-75.1135922
"The Ambassador","Restaurant,bar","8:00 PM","TUESDAY","SECOND_OF_MONTH,FOURTH_OF_MONTH","Kensington","635 W Girard Ave","","Philadelphia","PA","19123","Gift Card",50,"",,"",,"Htothequizzo","MUSIC_QUIZZO","635 W GIRARD AVE, PHILADELPHIA, PA, 19123",39.9708105,-75.1479598
"Deli at Dwell","Restaurant,bar","7:00 PM","THURSDAY","","Fishtown","1301 N American St","","Philadelphia","PA","19122","",,"",,"",,"Johnny Goodtimes","QUIZZO","1301 N AMERICAN ST, PHILADELPHIA, PA, 19122",39.971168,-75.13998
"The Fairview","Restaurant,bar","7:00 PM","THURSDAY","","Fairmount","601 N 21st Street","","Philadelphia","PA","19130","Cash",25,"Cash",15,"Cash",10,"Quizzoman","QUIZZO","601 N 21ST STREET, PHILADELPHIA, PA, 19130",39.9653337,-75.1723916
"Pj's Horsham","Restaurant,bar","8:00 PM","TUESDAY","","","101 Easton Rd","SUITE 300","Horsham","PA","19044","",,"",,"",,"The Quizzo Guys","QUIZZO","101 EASTON RD, SUITE 300, HORSHAM, PA, 19044",40.0999984,-75.1539136
"Milkboy South Street","Restaurant,bar","7:00 PM","MONDAY","","South Street","401 South St","","Philadelphia","PA","19147","",,"",,"",,"","QUIZZO","401 SOUTH ST, PHILADELPHIA, PA, 19147",39.9417025,-75.1492453
"Nitty's Tavern","Restaurant,bar","7:00 PM","WEDNESDAY","","Passyunk","1720 W Moyamensing Ave","","Philadelphia","PA","19145","",,"",,"",,"","QUIZZO","1720 W MOYAMENSING AVE, PHILADELPHIA, PA, 19145",39.9149475,-75.1767931
"Lock 29","Restaurant,bar","7:00 PM","MONDAY","FIRST_OF_MONTH","","127 Bridge St","","Mont Clare","PA","19453","",,"",,"",,"","QUIZZO","127 BRIDGE ST, MONT CLARE, PA, 19453",40.1361036,-75.5074325
"GREAT AMERICAN PUB","Restaurant,bar","8:00 PM","WEDNESDAY","","","4 West Ave","","Wayne","PA","19087","",,"",,"",,"","QUIZZO","4 WEST AVE, WAYNE, PA, 19087",40.0453846,-75.3880308
"New Deck Tavern","Restaurant,bar,irish Pub","8:00 PM","WEDNESDAY","","University City","3408 Sansom St","","Philadelphia","PA","19104","",,"",,"",,"","QUIZZO","3408 SANSOM ST, PHILADELPHIA, PA, 19104",39.9534633,-75.1925739
"The Black Sheep","Restaurant,bar,irish Pub","8:00 PM","WEDNESDAY","","Rittenhouse Square","247 S 17th St","","Philadelphia","PA","19103","",,"",,"",,"","QUIZZO","247 S 17TH ST, PHILADELPHIA, PA, 19103",39.948411,-75.169315
"Philadelphia Brewing Company","Brewery","7:30 PM","TUESDAY","","East Kensington","2440 Frankford Ave","","Philadelphia","PA","19125","",,"",,"",,"Barrett","QUIZZO","2440 FRANKFORD AVE, PHILADELPHIA, PA, 19125",39.9823471,-75.1271578
"Well Crafted Beer Company","Brewery,restaurant","7:30 PM","THURSDAY","","","310 Madison St","","Lansdale","PA","19446","",,"",,"",,"","QUIZZO","310 MADISON ST, LANSDALE, PA, 19446",40.2437935,-75.2865272
"The Shipyard Bar","Restaurant,bar","7:00 PM","WEDNESDAY","","Port Richmond","2537 E Ontario St","","Philadelphia","PA","19134","Gift Card",50,"",,"",,"Eli's Quizzo Revival","QUIZZO","2537 E ONTARIO ST, PHILADELPHIA, PA, 19134",39.9887699,-75.0994413
"Pj's West Chester","Restaurant,bar","7:45 PM","TUESDAY","","","1347 Wilmington Pike","","West Chester","PA","19382","",,"",,"",,"Thompson Ent","QUIZZO","1347 WILMINGTON PIKE, WEST CHESTER, PA, 19382",39.903188,-75.5643383
"Duffers Mill","Restaurant,bar","7:00 PM","THURSDAY","","","1601 Naamans Creek Rd","","Boothwyn","PA","19061","",,"",,"",,"Thompson Entertainment","QUIZZO","1601 NAAMANS CREEK RD, BOOTHWYN, PA, 19061",39.8216887,-75.447506
"Grace Tavern","Restaurant,bar","7:30 PM","WEDNESDAY","","Graduate Hospital","2229 Grays Ferry Ave","","Philadelphia","PA","19146","",,"",,"",,"","QUIZZO","2229 GRAYS FERRY AVE, PHILADELPHIA, PA, 19146",39.94513,-75.179619
"Time Out","Restaurant,bar","7:00 PM","WEDNESDAY","","","2840 Pine Rd","","Huntingdon Valley","PA","19006","",,"",,"",,"","QUIZZO","2840 PINE RD, HUNTINGDON VALLEY, PA, 19006",40.122363,-75.0444952
"El Camino","Restaurant,bar,cantina","7:00 PM","WEDNESDAY","","Northern Liberties","1040 N 2nd St","","Philadelphia","PA","19123","",,"",,"",,"","QUIZZO","1040 N 2ND ST, PHILADELPHIA, PA, 19123",39.9673562,-75.1406178
"Cartesian Brewing","Brewery","7:00 PM","THURSDAY","","South Philadelphia","326 E Passyunk Ave","","Philadelphia","PA","19147","",,"",,"",,"Trivia Monty","QUIZZO","326 E PASSYUNK AVE, PHILADELPHIA, PA, 19147",39.9369904,-75.1547917
"Interstate Drafthouse","Restaurant,bar","8:00 PM","TUESDAY","","Fishtown","1235 E Palmer St","","Philadelphia","PA","19125","",,"",,"",,"Anxious Millenial Quizzo","QUIZZO","1235 E PALMER ST, PHILADELPHIA, PA, 19125",39.9718411,-75.1286626
"Maggie's Waterfront Cafe","Restaurant,bar","8:00 PM","WEDNESDAY","","Torresdale","9242 Delaware Ave","","Philadelphia","PA","19114","",,"",,"",,"Katie Davis","QUIZZO","9242 DELAWARE AVE, PHILADELPHIA, PA, 19114",40.0436656,-74.9896264
"Black Taxi","Restaurant,bar","7:30 PM","WEDNESDAY","","Fairmount","745 N 25th St","","Philadelphia","PA","19130","",,"",,"",,"Tim Stephens","QUIZZO","745 N 25TH ST, PHILADELPHIA, PA, 19130",39.9687403,-75.1781976
"Henry James Saloon","Restaurant,bar","7:00 PM","WEDNESDAY","","Roxborough","577 Jamestown Ave.","","Philadelphia","PA","19128","",,"",,"",,"Trivia Monty","QUIZZO","577 JAMESTOWN AVE., PHILADELPHIA, PA, 19128",40.0292087,-75.2066644
"Grid Iron Sports Bar","Restaurant,bar","7:00 PM","MONDAY","","","934 Township Line Rd","","Phoenixville","PA","19460","",,"",,"",,"","QUIZZO","934 TOWNSHIP LINE RD, PHOENIXVILLE, PA, 19460",40.1401608,-75.5357662
"Queen & Rook Game Cafe","Restaurant,bar,board Games","7:00 PM","THURSDAY","","South Philadelphia","607 S 2nd St","","Philadelphia","PA","19147","",,"",,"",,"","QUIZZO","607 S 2ND ST, PHILADELPHIA, PA, 19147",39.9408759,-75.145524
"Tir Na Nog","Restaurant,bar,irish Pub","7:00 PM","TUESDAY","","Center City","1600 Arch St","","Philadelphia","PA","19103","",,"",,"",,"Karly Moon","QUIZZO","1600 ARCH ST, PHILADELPHIA, PA, 19103",39.9544332,-75.1667563
"Curran's Bensalem","Restaurant,bar,irish Pub","7:30 PM","MONDAY","","","1909 Bristol Pike","","Bensalem","PA","19020","",,"",,"",,"Lunch Money Quizzo","QUIZZO","1909 BRISTOL PIKE, BENSALEM, PA, 19020",40.0759674,-74.9544073
"AXE AND ARROW BREWING","Brewery","7:00 PM","WEDNESDAY","","","105 High St W","","Glassboro","NJ","8028","",,"",,"",,"Triviame","QUIZZO","105 HIGH ST W, GLASSBORO, NJ, 8028",40.2933253,-73.9978509
"Dock Street South","Brewery,restaurant","8:00 PM","WEDNESDAY","","South Philadelphia","2118 Washington Ave","","Philadelphia","PA","19146","",,"",,"",,"Johnny Goodtimes","QUIZZO","2118 WASHINGTON AVE, PHILADELPHIA, PA, 19146",39.9391251,-75.17949
"Nick's Roast Beef Woodhaven","Restaurant","8:00 PM","THURSDAY","","Parkwood","4501 Woodhaven Rd","","Philadelphia","PA","19154","",,"",,"",,"","QUIZZO","4501 WOODHAVEN RD, PHILADELPHIA, PA, 19154",40.0964963,-74.9833713
"ERA","Restaurant,bar","8:00 PM","WEDNESDAY","","Brewerytown","2743 Poplar St","","Philadelphia","PA","19130","",,"",,"",,"Jb","QUIZZO","2743 POPLAR ST, PHILADELPHIA, PA, 19130",39.9731507,-75.1819923
"Misconduct Tavern University City","Restaurant,bar","7:00 PM","WEDNESDAY","","University City","3131 Walnut St","","Philadelphia","PA","19104","",,"",,"",,"Lunch Money Quizzo","QUIZZO","3131 WALNUT ST, PHILADELPHIA, PA, 19104",39.9523255,-75.186976
"Hilltown Tavern","Restaurant,bar","8:30 PM","TUESDAY","","Fairmount","795 N 24th St","","Philadelphia","PA","19130","",,"",,"",,"Seth","QUIZZO","795 N 24TH ST, PHILADELPHIA, PA, 19130",39.9698013,-75.1762835
"Urban Saloon","Restaurant,bar","8:00 PM","WEDNESDAY","","Fairmount","2120 Fairmount Ave","","Philadelphia","PA","19130","Gift Card",50,"",,"",,"Secchio Experiences","QUIZZO","2120 FAIRMOUNT AVE, PHILADELPHIA, PA, 19130",39.9670625,-75.1729382
"Bar Ly","Restaurant,bar","6:30 PM","TUESDAY","","Chinatown","101 N 11th St","","Philadelphia","PA","19107","",,"",,"",,"","QUIZZO","101 N 11TH ST, PHILADELPHIA, PA, 19107",39.9541459,-75.1576212
"PJ'S PUB HADDON TWP","Restaurant,bar","7:00 PM","TUESDAY","","","700 N Haddon Ave","","Haddonfield","NJ","8033","",,"",,"",,"","QUIZZO","700 N HADDON AVE, HADDONFIELD, NJ, 8033",39.9047714,-75.0420737
"Twenty One Pips","Restaurant,bar,board Games","7:00 PM","TUESDAY","","","24 Cricket Ave","","Ardmore","PA","19003","",,"",,"",,"","QUIZZO","24 CRICKET AVE, ARDMORE, PA, 19003",40.0075068,-75.2922192
"Fergie's Pub","Restaurant,bar,irish Pub","8:00 PM","TUESDAY","","Gayborhood","1214 Sansom St","","Philadelphia","PA","19107","Cash",50,"Cash",25,"",,"Jawnyq","QUIZZO","1214 SANSOM ST, PHILADELPHIA, PA, 19107",39.9496126,-75.1611568
"Kelliann's Bar & Grill","Restaurant,bar,irish Pub","8:30 PM","WEDNESDAY","","Fairmount","1549 Spring Garden Street","","Philadelphia","PA","19130","",,"",,"",,"","QUIZZO","1549 SPRING GARDEN STREET, PHILADELPHIA, PA, 19130",39.9630257,-75.1645107
"Loco Pez","Restaurant,bar,taqueria","7:00 PM","MONDAY","","Graduate Hospital","700 S 20th St","","Philadelphia","PA","19146","",,"",,"",,"Johnny Goodtimes","QUIZZO","700 S 20TH ST, PHILADELPHIA, PA, 19146",39.9439031,-75.1754641
"Evil Genius Beer Company","Brewery","7:00 PM","WEDNESDAY","","Fishtown","1727 N Front St","","Philadelphia","PA","19122","",,"",,"",,"Lunch Money Quizzo","QUIZZO","1727 N FRONT ST, PHILADELPHIA, PA, 19122",39.9757484,-75.1338733
"BROKEN GOBLET BREWING","Brewery","8:00 PM","WEDNESDAY","","","2500 State Road","","Andalusia","PA","19120","",,"",,"",,"Righteous Jolly","QUIZZO","2500 STATE ROAD, ANDALUSIA, PA, 19120",40.0634142,-74.9666794
"Other Half","Brewery,restaurant","6:30 PM","WEDNESDAY","","Fishtown","1002 Canal St","","Philadelphia","PA","19123","",,"",,"",,"","QUIZZO","1002 CANAL ST, PHILADELPHIA, PA, 19123",39.9648491,-75.1350634
"Workhorse Brewing Company","Brewery,restaurant","6:30 PM","TUESDAY","","","250 King Manor Dr","SUITE 300","King of Prussia","PA","19406","",,"",,"",,"","QUIZZO","250 KING MANOR DR, SUITE 300, KING OF PRUSSIA, PA, 19406",40.0914317,-75.3504214
"Pappous Pizza Pub","Pizzeria,bar","8:00 PM","THURSDAY","","","415 Baltimore Pike","","Morton","PA","19070","",,"",,"",,"","QUIZZO","415 BALTIMORE PIKE, MORTON, PA, 19070",39.9177693,-75.3956985
"Union Tap House","Restaurant,bar","7:30 PM","WEDNESDAY","","Manayunk","4801 Umbria St","","Philadelphia","PA","19127","Cash",50,"",,"",,"Justin Credible","QUIZZO","4801 UMBRIA ST, PHILADELPHIA, PA, 19127",40.0326041,-75.232367
"Owen's Pub","Restaurant,bar","8:00 PM","WEDNESDAY","","","119 E 17th Ave","","North Wildwood","NJ","8260","",,"",,"",,"Mikey D","QUIZZO","119 E 17TH AVE, NORTH WILDWOOD, NJ, 8260",38.9990069,-74.8038392
"Pj's Bluebell","Restaurant,bar","7:30 PM","WEDNESDAY","","","799 Dekalb Pike","","Blue Bell","PA","19422","",,"",,"",,"The Quizzo Guys","QUIZZO","799 DEKALB PIKE, BLUE BELL, PA, 19422",40.1695406,-75.2881996
"DAWSON STREET PUB","Restaurant,bar","8:00 PM","TUESDAY","","Manayunk","100 Dawson St","","Philadelphia","PA","19127","",,"",,"",,"","QUIZZO","100 DAWSON ST, PHILADELPHIA, PA, 19127",40.0185783,-75.212803
"Fingers, Wings & Other Things","Restaurant,bar","7:30 PM","THURSDAY","","","107 W Ridge Pike","","Conshohocken","PA","19428","",,"",,"",,"","QUIZZO","107 W RIDGE PIKE, CONSHOHOCKEN, PA, 19428",40.0941295,-75.2878983
"World of Beer Exton","Restaurant,bar","7:00 PM","MONDAY","","","102 Main St","STE 100","Exton","PA","19341","",,"",,"",,"","QUIZZO","102 MAIN ST, STE 100, EXTON, PA, 19341",40.0236527,-75.6293103
"Top Tomato","Restaurant,bar,pizzeria","7:00 PM","TUESDAY","","Gayborhood","116 S 11th St","","Philadelphia","PA","19107","",,"",,"",,"","QUIZZO","116 S 11TH ST, PHILADELPHIA, PA, 19107",39.9495956,-75.1589687
"City Winery","Winery","7:00 PM","TUESDAY","LAST_OF_MONTH","Center City","990 Filbert St","","Philadelphia","PA","19107","",,"",,"",,"","QUIZZO","990 FILBERT ST, PHILADELPHIA, PA, 19107",39.9522713,-75.156091
"Separatist Beer Project","Bar","8:00 PM","THURSDAY","","","101 Northampton St","","Easton","PA","18042","",,"",,"",,"Mfrome8","QUIZZO","101 NORTHAMPTON ST, EASTON, PA, 18042",40.6915203,-75.205375
"Source","Brewery","7:00 PM","MONDAY","","Fishtown","1101 Frankford Ave","","Philadelphia","PA","19125","",,"",,"",,"Triviatainment","QUIZZO","1101 FRANKFORD AVE, PHILADELPHIA, PA, 19125",39.967718,-75.134316
"Imprint Beer Co.","Brewery,restaurant,arcade,cantina","7:00 PM","THURSDAY","SECOND_OF_MONTH,FOURTH_OF_MONTH","","1500 Industry Rd","STE R","Hatfield","PA","19440","",,"",,"",,"Lunch Money Quizzo","QUIZZO","1500 INDUSTRY RD, STE R, HATFIELD, PA, 19440",40.2628979,-75.2827984
"Shady Brook Farm","Farmers Market","7:00 PM","WEDNESDAY","","","931 Stony Hill Rd","","Yardley","PA","19067","",,"",,"",,"Emily and Joe","QUIZZO","931 STONY HILL RD, YARDLEY, PA, 19067",40.2272354,-74.8862943
"Side Car Bar","Restaurant,bar","8:00 PM","SUNDAY","","Graduate Hospital","2201 Christian St","","Philadelphia","PA","19146","",,"",,"",,"3wayquizzo","QUIZZO","2201 CHRISTIAN ST, PHILADELPHIA, PA, 19146",39.9418395,-75.179463
"National Mechanics","Restaurant,bar","8:00 PM","WEDNESDAY","","Old City","22 S 3rd Street","","Philadelphia","PA","19106","",,"",,"",,"Ezalmighty","QUIZZO","22 S 3RD STREET, PHILADELPHIA, PA, 19106",39.9495672,-75.1461515
"Pj's Hatfield","Restaurant,bar","8:00 PM","WEDNESDAY","","","190 Forty Foot Rd","","Hatfield","PA","19440","",,"",,"",,"The Quizzo Guys","QUIZZO","190 FORTY FOOT RD, HATFIELD, PA, 19440",40.2673752,-75.3158156
"Pizza Time Saloon","Restaurant,bar","8:00 PM","THURSDAY","","","1900 W Point Pike","","West Point","PA","19486","",,"",,"",,"The Quizzo Guys","QUIZZO","1900 W POINT PIKE, WEST POINT, PA, 19486",40.205268,-75.300099
"Duffers Mill","Restaurant,bar","7:00 PM","TUESDAY","","","1600 Naamans Creek Rd","","Boothwyn","PA","19061","Gift Card",25,"",,"",,"Thompson Ent","QUIZZO","1600 NAAMANS CREEK RD, BOOTHWYN, PA, 19061",39.8215115,-75.4483078
"The Abbaye","Restaurant,bar","8:00 PM","THURSDAY","","Northern Liberties","637 N 3rd St","","Philadelphia","PA","19123","",,"",,"",,"","QUIZZO","637 N 3RD ST, PHILADELPHIA, PA, 19123",39.9621949,-75.1429765
"Fette Sau","Restaurant,bar","6:30 PM","WEDNESDAY","","Fishtown","1208 Frankford Ave","","Philadelphia","PA","19125","",,"",,"",,"","QUIZZO","1208 FRANKFORD AVE, PHILADELPHIA, PA, 19125",39.9692461,-75.1345372
"Lansdale Tavern","Restaurant,bar","7:30 PM","MONDAY","","","839 W Main St","","Lansdale","PA","19446","",,"",,"",,"","QUIZZO","839 W MAIN ST, LANSDALE, PA, 19446",40.2475391,-75.2934744
"Tabu","Restaurant,bar,gay Bar","7:00 PM","WEDNESDAY","","Gayborhood","254 S 12th St","","Philadelphia","PA","19107","",,"",,"",,"Aurora Whorealis","QUIZZO","254 S 12TH ST, PHILADELPHIA, PA, 19107",39.9470604,-75.1612067
"Fergie's Pub","Restaurant,bar,irish Pub","8:00 PM","THURSDAY","","Gayborhood","1214 Sansom St","","Philadelphia","PA","19107","Cash",50,"Cash",25,"",,"Jawnyq","QUIZZO","1214 SANSOM ST, PHILADELPHIA, PA, 19107",39.9496126,-75.1611568
"12 Steps Down","Bar","8:00 PM","WEDNESDAY","","Bella Vista","831 Christian St","","Philadelphia","PA","19147","Gift Card",30,"Gift Card",15,"",,"Htothequizzo","MUSIC_QUIZZO","831 CHRISTIAN ST, PHILADELPHIA, PA, 19147",39.9390528,-75.1576839
"Yards Brewing Company","Brewery","7:00 PM","TUESDAY","","","212 Mill St","","Bristol Borough","PA","19007","",,"",,"",,"","QUIZZO","212 MILL ST, BRISTOL BOROUGH, PA, 19007",40.0951389,-74.8574916
"Urban Village Brewing Co","Brewery,bar","8:00 PM","THURSDAY","","Northern Liberties","1001 N 2nd St","","Philadelphia","PA","19123","Gift Card",40,"Gift Card",25,"Gift Card",10,"","QUIZZO","1001 N 2ND ST, PHILADELPHIA, PA, 19123",39.9670501,-75.1398455
"Midnight Oil Brewing Company","Brewery,restaurant","7:00 PM","TUESDAY","","","74 Pencader Dr","","Newark","DE","19702","",,"",,"",,"","QUIZZO","74 PENCADER DR, NEWARK, DE, 19702",39.6119712,-75.7616813
"Stable 12 Brewing Co.","Brewery,restaurant","7:00 PM","WEDNESDAY","","","368 Bridge St","","Phoenixville","PA","19460","",,"",,"",,"","QUIZZO","368 BRIDGE ST, PHOENIXVILLE, PA, 19460",40.1329749,-75.5207887
"John Henry Ardmore","Restaurant,bar","9:00 PM","FRIDAY","","","98 Cricket Ave","","Ardmore","PA","19003","",,"",,"",,"Johnny Cheeseteak","QUIZZO","98 CRICKET AVE, ARDMORE, PA, 19003",40.0067884,-75.2932395
"Monster Vegan","Restaurant,bar,vegan","7:00 PM","TUESDAY","FIRST_OF_MONTH,THIRD_OF_MONTH","Center City","1229 Spruce St","","Philadelphia","PA","19107","",,"",,"",,"Sam We Are Podcast","QUIZZO","1229 SPRUCE ST, PHILADELPHIA, PA, 19107",39.9467829,-75.1622275
"Hunt's Annex","Restaurant,bar","8:00 PM","THURSDAY","","","1311 Macdade Blvd","","Woodlyn","PA","19094","",,"",,"",,"","QUIZZO","1311 MACDADE BLVD, WOODLYN, PA, 19094",39.8783199,-75.3440219
"Rivals","Restaurant,bar","7:00 PM","TUESDAY","","","5 Lehns Ct","","Easton","PA","18042","",,"",,"",,"","QUIZZO","5 LEHNS CT, EASTON, PA, 18042",40.6908567,-75.208318
"Landmark Americana","Restaurant,bar","7:00 PM","MONDAY","","","1 Mullica Hill Rd","","Glassboro","NJ","8028","",,"",,"",,"","QUIZZO","1 MULLICA HILL RD, GLASSBORO, NJ, 8028",39.7066449,-75.1113702
"Love City Brewing","Brewery,food Trucks","7:00 PM","WEDNESDAY","FIRST_OF_MONTH","Callowhill","1023 Hamilton St","","Philadelphia","PA","19123","",,"",,"",,"Dj Quizzo","QUIZZO","1023 HAMILTON ST, PHILADELPHIA, PA, 19123",39.9602868,-75.1552483
"Hilltown Tavern","Restaurant,bar","8:00 PM","THURSDAY","","Fairmount","795 N 24th St","","Philadelphia","PA","19130","",,"",,"",,"Htothequizzo","MUSIC_QUIZZO","795 N 24TH ST, PHILADELPHIA, PA, 19130",39.9698013,-75.1762835
"Sutton's","Restaurant,bar","8:00 PM","WEDNESDAY","","Kensington","1706 N 5th St","","Philadelphia","PA","19122","Cash",50,"Cash",25,"",,"Jawnyq","QUIZZO","1706 N 5TH ST, PHILADELPHIA, PA, 19122",39.9771583,-75.1436783
"Barstool Sansom Street","Restaurant,bar","7:00 PM","TUESDAY","","Center City","1213 Sansom St","","Philadelphia","PA","19107","",,"",,"",,"Lunch Money Quizzo","QUIZZO","1213 SANSOM ST, PHILADELPHIA, PA, 19107",39.9497592,-75.1606674
"Moonshine Philly","Restaurant,bar","8:00 PM","TUESDAY","","Pennsport","1825 E Moyamensing Ave","","Philadelphia","PA","19148","",,"",,"",,"","QUIZZO","1825 E MOYAMENSING AVE, PHILADELPHIA, PA, 19148",39.9250242,-75.1516341
"Top Golf","Bar,golf","6:30 PM","THURSDAY","","Northeast Philadelphia","2140 Byberry Rd","","Philadelphia","PA","19116","",,"",,"",,"Geeks Who Drink","QUIZZO","2140 BYBERRY RD, PHILADELPHIA, PA, 19116",40.1066239,-75.0031664
"Fat Lady Brewing","Brewery","7:00 PM","WEDNESDAY","","Manayunk","4323 Main St","","Philadelphia","PA","19127","Cash",25,"Cash",15,"Cash",10,"Quizzoman","QUIZZO","4323 MAIN ST, PHILADELPHIA, PA, 19127",40.0253364,-75.2227355
"Bald Birds Brewing","Brewery","7:00 PM","WEDNESDAY","","","970 Rittenhouse Rd","#400","Audubon","PA","19403","",,"",,"",,"","QUIZZO","970 RITTENHOUSE RD, #400, AUDUBON, PA, 19403",40.1266302,-75.4165027
"Lunacy Brewing Company","Brewery","7:00 PM","THURSDAY","SECOND_OF_MONTH,FOURTH_OF_MONTH","","1500 W Kings Hwy","","Haddon Heights","NJ","8035","",,"",,"",,"","QUIZZO","1500 W KINGS HWY, HADDON HEIGHTS, NJ, 8035",39.88165,-75.07849
"Lower Forge Brewery","Brewery","7:00 PM","THURSDAY","","","14 S Main St","","Medford","NJ","8055","",,"",,"",,"","QUIZZO","14 S MAIN ST, MEDFORD, NJ, 8055",39.8991599,-74.8237133
"Wissahickon Brewing Company","Brewery,food Trucks","7:30 PM","THURSDAY","","East Falls","3705 W School House Ln","","Philadelphia","PA","19129","",,"",,"",,"Sean Maguire","QUIZZO","3705 W SCHOOL HOUSE LN, PHILADELPHIA, PA, 19129",40.0136778,-75.2004463
"Nick's Old Original Roast Beef","Restaurant","8:00 PM","TUESDAY","","West Passyunk","2149 S 20th St","","Philadelphia","PA","19145","",,"",,"",,"","QUIZZO","2149 S 20TH ST, PHILADELPHIA, PA, 19145",39.9244591,-75.1792806
"FOUNDING FATHERS","Restaurant,bar","8:00 PM","TUESDAY","","South Street","1612 South St","","Philadelphia","PA","19146","",,"",,"",,"Johnny Goodtimes","QUIZZO","1612 SOUTH ST, PHILADELPHIA, PA, 19146",39.9440071,-75.1690906
"Duffers Tavern","Restaurant,bar","7:30 PM","WEDNESDAY","","","192 Middletown Rd","","Glen Mills","PA","19342","",,"",,"",,"Thompson Ent","QUIZZO","192 MIDDLETOWN RD, GLEN MILLS, PA, 19342",39.947112,-75.5056866
"SouthHouse","Restaurant,bar","8:00 PM","WEDNESDAY","LAST_OF_MONTH","South Philadelphia","2535 S 13th St","","Philadelphia","PA","19148","",,"",,"",,"","QUIZZO","2535 S 13TH ST, PHILADELPHIA, PA, 19148",39.9180097,-75.1687215
"Cook and Shaker","Restaurant,bar","7:00 PM","WEDNESDAY","","Port Richmond","2301 E Albert St","","Philadelphia","PA","19125","",,"",,"",,"","QUIZZO","2301 E ALBERT ST, PHILADELPHIA, PA, 19125",39.9826346,-75.1205457
"Rack's Pub","Restaurant,bar","7:30 PM","THURSDAY","","","2021 N Black Horse Pike","","Williamstown","NJ","8094","",,"",,"",,"","QUIZZO","2021 N BLACK HORSE PIKE, WILLIAMSTOWN, NJ, 8094",39.6898302,-74.9932339
"Krick Wuder Saloon","Bar","7:00 PM","WEDNESDAY","","Bridesburg","2676 Bridge St","","Philadelphia","PA","19137","",,"",,"",,"Thephillycaptain","QUIZZO","2676 BRIDGE ST, PHILADELPHIA, PA, 19137",40.003617,-75.0664363
"Punch Buggy Brewing Company","Brewery","7:30 PM","WEDNESDAY","","Fishtown","1445 N American St","","Philadelphia","PA","19122","",,"",,"",,"Sean Maguire","QUIZZO","1445 N AMERICAN ST, PHILADELPHIA, PA, 19122",39.9736573,-75.1397376
"Free Will Brewing Co.","Brewery","7:00 PM","WEDNESDAY","","","410 E Walnut St","#1, 10","Perkasie","PA","18944","",,"",,"",,"The Quizzo Guys","QUIZZO","410 E WALNUT ST, #1, 10, PERKASIE, PA, 18944",40.3649382,-75.288328
"Animated Brewing","Brewery,restaurant","7:00 PM","WEDNESDAY","","","255 Mt Airy Rd","","Coatesville","PA","19320","",,"",,"",,"","QUIZZO","255 MT AIRY RD, COATESVILLE, PA, 19320",39.9927805,-75.8305739
"Human Robot Jenkintown","Brewery,restaurant","7:00 PM","WEDNESDAY","","","208 York Rd","","Jenkintown","PA","19046","",,"",,"",,"","QUIZZO","208 YORK RD, JENKINTOWN, PA, 19046",40.0946043,-75.12524
"Mifflin Tavern","Restaurant,bar","6:30 PM","TUESDAY","","Pennsport","1843 S 2nd St","","Philadelphia","PA","19148","",,"",,"",,"Dj Denim","QUIZZO","1843 S 2ND ST, PHILADELPHIA, PA, 19148",39.924378,-75.1498531
"Misconduct Tavern Rittenhouse","Restaurant,bar","7:00 PM","WEDNESDAY","","Rittenhouse Square","1511 Locust St","","Philadelphia","PA","19102","Gift Card",100,"",,"",,"Lunch Money Quizzo","QUIZZO","1511 LOCUST ST, PHILADELPHIA, PA, 19102",39.9486784,-75.1665675
"Grid Iron Sports Bar","Restaurant,bar","7:45 PM","WEDNESDAY","","","934 Township Line Rd","","Phoenixville","PA","19460","",,"",,"",,"Thompson Ent","QUIZZO","934 TOWNSHIP LINE RD, PHOENIXVILLE, PA, 19460",40.1401608,-75.5357662
"Dolan's Bar Ridley Park","Restaurant,bar,irish Pub","8:00 PM","TUESDAY","","","24 E Sellers Ave","","Ridley Park","PA","19078","",,"",,"",,"","QUIZZO","24 E SELLERS AVE, RIDLEY PARK, PA, 19078",39.878297,-75.3225637
"Sligo Irish Pub","Restaurant,bar,irish Pub","8:00 PM","TUESDAY","","","113 W State St","","Media","PA","19063","",,"",,"",,"","QUIZZO","113 W STATE ST, MEDIA, PA, 19063",39.9182779,-75.3913035
"Chestnut Hill Brewing Company","Brewery,restaurant","7:00 PM","WEDNESDAY","","Chestnut Hill","8231 Germantown Ave","","Philadelphia","PA","19118","Growler",1,"",,"",,"","QUIZZO","8231 GERMANTOWN AVE, PHILADELPHIA, PA, 19118",40.073592,-75.2028298
"Stickman Brews","Brewery,restaurant","7:00 PM","THURSDAY","","","326 N Lewis Rd","#240","Royersford","PA","19468","",,"",,"",,"","QUIZZO","326 N LEWIS RD, #240, ROYERSFORD, PA, 19468",40.1958049,-75.5340481
"Nick's Roast Beef Cottman","Restaurant","8:00 PM","WEDNESDAY","","Northeast Philadelphia","2210 Cottman Ave","","Philadelphia","PA","19149","",,"",,"",,"","QUIZZO","2210 COTTMAN AVE, PHILADELPHIA, PA, 19149",40.0488597,-75.0620491
"Great American Pub (conshohocken)","Restaurant,bar","8:00 PM","WEDNESDAY","","","123 Fayette St","","Conshohocken","PA","19428","",,"",,"",,"Dj Gadget","QUIZZO","123 FAYETTE ST, CONSHOHOCKEN, PA, 19428",40.0743514,-75.3053081
"Pj's Newtown Square","Restaurant,bar","7:30 PM","TUESDAY","","","4803 West Chester Pike","","Newtown Square","PA","19073","",,"",,"",,"Djmuve","QUIZZO","4803 WEST CHESTER PIKE, NEWTOWN SQUARE, PA, 19073",39.9767167,-75.4382878
"Misconduct Tavern","Restaurant,bar","7:00 PM","TUESDAY","","Center City","1801 John F Kennedy Blvd","","Philadelphia","PA","19103","",,"",,"",,"Lunch Money Quizzo","QUIZZO","1801 JOHN F KENNEDY BLVD, PHILADELPHIA, PA, 19103",39.954295,-75.169931
"The Post","Restaurant,bar","6:00 PM","TUESDAY","","University City","129 S 30th St","","Philadelphia","PA","19104","",,"",,"",,"","QUIZZO","129 S 30TH ST, PHILADELPHIA, PA, 19104",39.952754,-75.1837133
"JD Mcgillicuddy's Manayunk","Restaurant,bar","8:00 PM","TUESDAY","","Manayunk","111 Cotton St","","Philadelphia","PA","19127","",,"",,"",,"","QUIZZO","111 COTTON ST, PHILADELPHIA, PA, 19127",40.0255381,-75.2221784