BUSINESS,TIME,WEEKDAY,NEIGHBORHOOD,PRIZE_1_AMOUNT,HOST,Full Address,EVENT_TYPE
THE PLOUGH,7:30 PM,MONDAY,OLD CITY,,,"OLD CITY, PHILADELPHIA, PA",QUIZZO
STRANGELOVE'S,8:00 PM,MONDAY,CENTER CITY,$40 GC,JB,"216 S 11TH STREET, PHILADELPHIA, PA 19107",QUIZZO
NEW WAVE CAFE,8:00 PM,MONDAY,BELLA VISTA,"$50, $25",JAWNYQ,"BELLA VISTA, PHILADELPHIA, PA",QUIZZO
CEDAR POINT,7:00 PM,MONDAY,FISHTOWN,,THE PHILLY QUIZZO,"FISHTOWN, PHILADELPHIA, PA",QUIZZO
TIN CAN BAR,6:00 PM,MONDAY,PORT RICHMOND,$50 GC,ELI'S QUIZZO REVIVAL,"2537 E SOMERSET ST, PHILADELPHIA, PA 19134",QUIZZO
STOGIE JOE'S,7:00 PM,MONDAY,NEWBOLD,"$100 CASH, $50 GC, $25 GC",,"1721 S CHADWICK ST, PHILADELPHIA, PA 19145",QUIZZO
TWISTED GINGERS,6:30 PM,MONDAY,MANYUNK,,BREWTENANT DAN,"MANYUNK, PHILADELPHIA, PA",QUIZZO
CAVANAUGH'S RITTENHOUSE,6:30 PM,MONDAY,RITTENHOUSE,,QUIZZOINPHILLY,"1823 SANSOM ST, PHILADELPHIA, PA 19103",QUIZZO
PROHIBITION TAPROOM,8:00 PM,MONDAY,CALLOWHILL,,@H_TO_THE_QUIZZO,"CALLOWHILL, PHILADELPHIA, PA",QUIZZO
JOSE PISTOLA'S,7:00 PM,MONDAY,CENTER CITY,,,"CENTER CITY, PHILADELPHIA, PA",QUIZZO
MILKBOY SOUTH STREET,7:00 PM,MONDAY,SOUTH STREET,,,"SOUTH STREET, PHILADELPHIA, PA",QUIZZO
VICTORY BREWING COMPANY,6:30 PM,MONDAY,CENTER CITY,,,"1776 BEN FRANKLIN PARKWAY, PHILADELPHIA, PA 19103",QUIZZO
BONK'S BAR,8:00 PM,TUESDAY,PORT RICHMOND,,,"3467 RICHMOND ST, PHILADELPHIA, PA 19134",QUIZZO
OUR TOWN TAPROOM,7:00 PM,TUESDAYS,FRANCISVILLE,"$25 GC, ROUND OF DRINKS, MYSTERY",,"FRANCISVILLE, PHILADELPHIA, PA",QUIZZO
BOTTLE BAR,7:00 PM,TUESDAY,FISHTOWN,,LUNCHMONEYQUIZZO,"FISHTOWN, PHILADELPHIA, PA",QUIZZO
THE GREEN ROOM,8:00 PM,TUESDAY,FAIRMOUNT,,,"FAIRMOUNT, PHILADELPHIA, PA",QUIZZO
ORTLIEB'S,9:00 PM,TUESDAY,NORTHERN LIBERTIES,,@MINDBENDERTRIVIA,"847 N 3RD STREET, PHILADELPHIA, PA",QUIZZO
THE POST,7:00 PM,TUESDAY,UNIVERSITY CITY,,@SJKMEDIA1,"129 S 30TH ST, PHILADELPHIA, PA 19104",QUIZZO
ERA,8:30 PM,TUESDAYS,BREWERYTOWN,GRIZZO QUIZZO,,"28TH AND POPLAR, PHILADELPHIA, PA",QUIZZO
JERRY'S BAR,7:00 PM,TUESDAY,NORTHERN LIBERTIES,$50 GC AND OTHER,THEPHILLYQUIZZO,"129 W LAUREL ST, PHILADELPHIA, PA 19123",QUIZZO
JD MCGILLICUDY'S,8:00 PM,TUESDAY,MANYUNK,,,"MANYUNK , PHILADELPHIA, PA",QUIZZO
INTERSTATE DRAFTHOUSE,8:00 PM,TUESDAY,FISHTOWN,,ANXIOUS MILLENIAL QUIZZO,"FISHTOWN, PHILADELPHIA, PA",QUIZZO
THE BRASS TAP,8:00 PM,TUESDAY,MANAYUNK,,,"MANAYUNK, PHILADELPHIA, PA",QUIZZO
ATTIC BREWING,7:00 PM,TUESDAY,MOUNT AIRY,,@PHILLYQUIZZO,"MOUNT AIRY, PHILADELPHIA, PA",QUIZZO
BONNER'S IRISH PUB,7:00 PM,TUESDAY,FITLER SQUARE,,JOEY C,"FITLER SQ?, PHILADELPHIA, PA",QUIZZO
CITY WINERY,7:00 PM,TUESDAY,CENTER CITY,,,"CENTER CITY, PHILADELPHIA, PA",QUIZZO
GAUL & CO MALT HOUSE,7:00 PM,TUESDAY,PORT RICHMOND,,SEALYONS86,"2619 E INDIANA AVE, PHILADELPHIA, PA",QUIZZO
THE AMBASSADOR,8:00 PM,TUESDAY,KENSINGTON,$50 GC,HTOTHEQUIZZO,"635 W GIRARD AVE, PHILADELPHIA, PA 19123",MUSIC_QUIZZO
BAR PALMINA (NA),7:00 PM,TUESDAY,FISHTWON,,@WHIZWITTRIVIA,"FISHTWON, PHILADELPHIA, PA",QUIZZO
BAR LY,6:30 PM,TUESDAY,CHINATOWN,,,"101 N 11TH ST, PHILADELPHIA PA 19107",QUIZZO
DAVE AND BUSTER'S,7:30 PM,TUESDAY,DELAWARE AVE,,GEEKS WHO DRINK,"DELAWARE AVE, PHILADELPHIA, PA",QUIZZO
DAWSON STREET PUB,8:00 PM,TUESDAY,MANYUNK,,,"MANYUNK, PHILADELPHIA, PA",QUIZZO
TOP TOMATO,7:00 PM,TUESDAY,CENTER CITY,,,"116 S 11TH ST, PHILADELPHIA, PA 19107",QUIZZO
FOUNDING FATHERS,8:00 PM,TUESDAY,SOUTH STREET,,JOHNNY GOODTIMES,"1612 SOUTH ST, PHILADELPHIA, PA 19146",QUIZZO
GARAGE FISHTOWN,7:00 PM,TUESDAY,FISHTOWN,,LUNCHMONEYQUIZZO,"FRANKFORD AND GIRARD, PHILADELPHIA, PA",QUIZZO
POPE (PUB ON PASSYUNK EAST),7:00 PM,TUESDAY,E PASSYUNK,,@LATCHKEYRECORDS,"E PASSYUNK, PHILADELPHIA, PA",QUIZZO
HILLTOWN TAVERN (FAIRMOUNT),8:30 PM,TUESDAY,FAIRMOUNT,,SETH,"795 N 24TH ST, PHILADELPHIA, PA 19130",QUIZZO
MOONSHINE,8:00 PM,TUESDAY,SOUTH PHILLY,,KEVIN,"SOUTH PHILLY, PHILADELPHIA, PA",QUIZZO
BOURBON AND BRANCH,8:00 PM,TUESDAY,NORTHERN LIBERTIES,,,"2ND STREET, PHILADELPHIA, PA",QUIZZO
MIFFLIN TAVERN,6:30 PM,TUESDAY,PENNSPORT,,DJ DENIM,"1843 S 2ND ST, PHILADELPHIA, PA 19148",QUIZZO
MOUNT AIRY TAP ROOM,8:00 PM,TUESDAY,MOUNT AIRY,"GC: $50, $30",,"300 W MT PLEASANT AVE, PHILADELPHIA, PA 19119",QUIZZO
PHILADELPHIA BREWING CO,7:30 PM,TUESDAY,E KENSINGTON,,BARRETT,"FRANKFORD AVE, PHILADELPHIA, PA",QUIZZO
FERGIE'S PUB,8:00 PM,TUESDAY,CENTER CITY,"$50, $25",JAWNYQ,"1214 SANSOM ST, PHILADELPHIA, PA 19107",QUIZZO
12 STEPS DOWN,8:00 PM,WEDNESDAY,BELLA VISTA,"GC: $30, $15",HTOTHEQUIZZO,"831 CHRISTIAN ST, PHILADELPHIA, PA 19147",MUSIC_QUIZZO
NITTY'S TAVERN,7:00 PM,WEDNESDAY,PASSYUNK,,,"1720 W MOYAMENSING AVE, PHILADELPHIA, PA 19145",QUIZZO
MAGGIE'S WATERFRONT CAFE,8:00 PM,WEDNESDAY,TORRESDALE,,KATIE DAVIS,"9242 DELAWARE AVE, PHILADELPHIA, PA 19114",QUIZZO
ERA,8:30 PM,WEDNESDAY,BREWERYTOWN,,JB,"2743 POPLAR ST, PHILADELPHIA, PA 19130",QUIZZO
NICK'S ROAST BEEF COTTMAN,8:00 PM,WEDNESDAY,NE PHILLY,,,"2210 COTTMAN AVE, PHILADELPHIA PA 19149",QUIZZO
TABU,7:00 PM,WEDNESDAY,CENTER CITY,,AURORA WHOREALIS,"254 S 12TH ST, PHILADELPHIA, PA 19107",QUIZZO
TIR NA NOG,7:00 PM,WEDNESDAY,CENTER CITY,PRESS PLAY DJ,,"CENTER CITY, PHILADELPHIA, PA",QUIZZO
SUTTON'S,8:00 PM,WEDNESDAY,KENSINGTON,"$50, $25",JAWNYQ,"1706 N 5TH ST, PHILADELPHIA, PA 19122",QUIZZO
COOK AND SHAKER,7:00 PM,WEDNESDAY,PORT RICHMOND,,,"PORT RICHMOND, PHILADELPHIA, PA",QUIZZO
OTHER HALF,6:00 PM,WEDNESDAY,FISHTOWN,,,"FISHTOWN, PHILADELPHIA, PA",QUIZZO
CHESTNUT HILL BREWING COMPANY,7:00 PM,WEDNESDAY,CHESTNUT HILL,,,"8231 GERMANTOWN AVE, PHILADELPHIA, PA 19118",QUIZZO
NUTMEG NA BAR,7:30 PM,WEDNESDAY,E PASSYUNK,,,"1835 E PASSYUNK AVE, PHILADELPHIA, PA",QUIZZO
TRIPLE BOTTOM,6:00 PM,WEDNESDAY,SPRING ARTS,,@PHILLYQUIZZO,"SPRING GARDEN STREET, PHILADELPHIA, PA",QUIZZO
BLACK TAXI,7:30 PM,WEDNESDAY,FAIRMOUNT,,TIM STEPHENS,"745 N 25TH ST, PHILADELPHIA, PA 19130",QUIZZO
URBAN SALOON,8:00 PM,WEDNESDAY,FAIRMOUNT,,,"2120 FAIRMOUNT AVE, PHILADELPHIA, PA 19130",QUIZZO
KELLIANN'S BAR AND GRILL,8:30 PM,WEDNESDAY,FAIRMOUNT,,,"1549 SPRING GARDEN STREET, PHILADELPHIA, PA 19130",QUIZZO
HUMBLE PARLOR,7:30 PM,WEDNESDAY,FISHTOWN,,ANXIOUSMILLENIAL QUIZZO AND JUNK DRAWER QUIZZO,"E GIRARD AVE, PHILADELPHIA, PA",QUIZZO
EVIL GENIUS BEER COMPANY,7:30 PM,WEDNESDAY,FISHTOWN,,LUNCH MONEY QUIZZO,"1727 N FRONT ST, PHILADELPHIA, PA 19122",QUIZZO
SOUTHHOUSE,7:30 PM,WEDNESDAY,SOUTH PHILADELPHIA,,,"SOUTH PHILADELPHIA, PHILADELPHIA, PA",QUIZZO
SANTUCCI'S,7:00 PM,WEDNESDAY,NORTH BROAD/WEST POPLAR,,KARLY MOON TRIVIA,"N BROAD AND WALLACE, PHILADELPHIA, PA",QUIZZO
PUNCH BUGGY BREWING COMPANY,7:30 PM,WEDNESDAY,FISHTOWN,,SEAN MAGUIRE,"1445 N AMERICAN ST, PHILADELPHIA, PA 19122",QUIZZO
MIFFLIN TAVERN,7:00 PM,WEDNESDAY,SOUTH PHILADELPHIA,NAME THAT TUNE,,"SOUTH PHILADELPHIA, PHILADELPHIA, PA",QUIZZO
FAT LADY BREWING,7:00 PM,WEDNESDAY,MANAYUNK,"$25, $15, $10",QUIZZOMAN,"4323 MAIN ST, PHILADELPHIA, PA 19127",QUIZZO
ATTIC BREWING,7:00 PM,WEDNESDAY,,,PHILLYQUIZZO,"137 BERKLEY ST, PHILADELPHIA, PA 19144",QUIZZO
THE BLACK SHEEP,8:00 PM,WEDNESDAY,CENTER CITY,,,"CENTER CITY, PHILADELPHIA, PA",QUIZZO
O'JUNG'S,7:00 PM,WEDNESDAY,PENNSPORT,,SJK MEDIA,"PENNSPORT, PHILADELPHIA, PA",QUIZZO
TOSKA,7:00 PM,WEDNESDAY,MOUNT AIRY,,KARLYMOONTRIVIA,"MOUNT AIRY, PHILADELPHIA, PA",QUIZZO
UNION TAP HOUSE,7:30 PM,WEDNESDAY,MANAYUNK,50,JUSTIN CREDIBLE,"4801 UMBRIA ST, PHILADELPHIA, PA 19127",QUIZZO
HENRY JAMES SALOON,7:00 PM,WEDNESDAY,ROXBOROUGH,,TRIVIAMONTY,"577 E JAMESTOWN ST., PHILADELPHIA, PA 19128",QUIZZO
FRINGE ARTS,7:00 PM,,OLD CITY,,JGT QUIZZO,"OLD CITY, PHILADELPHIA, PA",QUIZZO
NATIONAL MECHANICS,8:00 PM,WEDNESDDAY,OLD CITY,,THE PHILLY QUIZZO,"22 S 3RD STREET, PHILADELPHIA, PA",QUIZZO
THE SHIPYARD BAR,7:00 PM,WEDNESDAY,PORT RICHMOND,$50 GC,ELI'S QUIZZO REVIVAL,"2537 E ONTARIO ST, PHILADELPHIA, PA 19134",QUIZZO
NUT HUT SALOON,8:00 PM,WEDNESDAY,FISHTOWN,,,"FRANKFORD AVE, PHILADELPHIA, PA",QUIZZO
NEW DECK TAVERN,8:00 PM,WEDNESDAY,UNIVERSITY CITY,,,"3408 SANSOM ST, PHILADELPHIA, PA 19104",QUIZZO
LOVE CITY BREWING,7:00 PM,WEDNESDAY,CALLOWHILL,,WILL WALKER,"1023 HAMILTON ST, PHILADELPHIA, PA 19123",QUIZZO
THE INTERNATIONAL,7:00 PM,WEDNESDAY,FISHTOWN,,MIKEV_EE,"1624 N FRONT ST, PHILADELPHIA, PA 19122",QUIZZO
WISSAHICKON BREWING COMPANY,7:30 PM,THURSDAY,EAST FALLS,,SEAN MAGUIRE,"3705 W SCHOOL HOUSE LN, PHILADELPHIA, PA 19129",QUIZZO
WISSAHICKON BREWING COMPANY,7:30 PM,THURSDAY,OLDE KENSINGTON,,PRIOR (LUNCH MONEY),"AMERICAN ST, PHILADELPHIA, PA",QUIZZO
STIR LOUNGE,7:30 PM,THURSDAY,CENTER CITY,,ANYA HEART,"17TH AND CHANCELLOR, PHILADELPHIA, PA",QUIZZO
PIZZATA BIRRERIA,8:15 PM,THURSDAY,E PASSYUNK,,JOHNNY GOODTIMES,"E PASSYUNK, PHILADELPHIA, PA",QUIZZO
FERGIE'S PUB,8:00 PM,THURSDAY,CENTER CITY,"$50,$25",JAWNYQ,"1214 SANSOM ST, PHILADELPHIA, PA 19107",QUIZZO
HILLTOWN TAVERN (ROXBOROUGH),7:00 PM,THURSDAY,ROXBOROUGH,,,"ROXBOROUGH, PHILADELPHIA, PA",QUIZZO
HILLTOWN TAVERN (FAIRMOUNT),8:00 PM,THURSDAY,FAIRMOUNT,MUSIC,HTOTHEQUIZZO,"795 N 24TH ST, PHILADELPHIA, PA 19130",MUSIC_QUIZZO
LIBERTEE GROUNDS,7:00 PM,THURSDAY,FAIRMOUNT/ FRANCISVILLE,,,"1600 W GIRARD AVE SUITE C5, PHILADELPHIA, PA 19130",QUIZZO
DAHLAK,6:30 PM,THURSDAY,WEST PHILLY,,,"WEST PHILLY, PHILADELPHIA, PA",QUIZZO
DELI AT DWELL,7:00 PM,THURSDAY,FISHTOWN,,JOHNNY GOODTIMES,"1301 N AMERICAN ST, PHILADELPHIA, PA 19122",QUIZZO
BRIDGET FOY'S,7:00 PM,THURSDAY,SOCIETY HILL,,,"2ND AND SOUTH ST, PHILADELPHIA, PA",QUIZZO
DOCK STREET BREWING,7:00 PM,THURSDAY,SOUTH PHILADELPHIA,,PHILLYQUIZZO,"SOUTH PHILADELPHIA, PHILADELPHIA, PA",QUIZZO
TOP GOLF,6:30 PM,THURSDAY,NE PHILADELPHIA,,GEEKS WHO DRINK,NORTHEAST PHILADELPHIA,QUIZZO
WOLF BURGER,7:00 PM,THURSDAY,SOUTH PHILLY,,MEL HARRIS,"2301 N FRONT ST, PHILADELPHIA, PA",QUIZZO
ANNEX LOUNGE,7:00 PM,THURSDAY,FAIRMOUNT,,,"DIVINE LORRAINE ON BROAD, PHILADELPHIA, PA",QUIZZO
MEYERS BREWING,7:30 PM,THURSDAY,FISHTOWN,,,"436 E GIRARD AVE, PHILADELPHIA, PA 19125",QUIZZO
URBAN VILLAGE,8:00 PM,THURSDAY,NORTHERN LIBERTIES,"GC: $40, $25, $10",,"1001 N 2ND ST, PHILADELPHIA, PA 19123",QUIZZO
ADOBE,8:00 PM,THURSDAY,BELLA VISTA,,,"736 S 8TH ST, PHILADELPHIA, PA 19147",QUIZZO
QUEEN & ROOK GAME CAFE,7:00 PM,THURSDAY,SOUTH PHILADELPHIA,,,"607 S 2ND ST, PHILADELPHIA, PA 19147",QUIZZO
MIFFLIN TAVERN,7:00 PM,THURSDAY,PENNSPORT,,,"PENNSPORT, PHILADELPHIA, PA",QUIZZO
NICK'S ROAST BEEF WOODHAVEN,8:00 PM,THURSDAY,PARKWOOD,,,"4501 WOODHAVEN RD, PHILADELPHIA, PA 19154",QUIZZO
CARTESIAN BREWING,7:00 PM,THURSDAY,SOUTH PHILADELPHIA,,TRIVIA MONTY,"SOUTH PHILADELPHIA, PHILADELPHIA, PA",QUIZZO
FUTURE DAYS,7:30 PM,THURSDAY,NORTHERN LIBERTIES,MEDALS + FREE ROUND OF  BEER,@GRAND_TRIVIA_NIGHT,"4TH AND FAIRMOUNT AVE, PHILADELPHIA, PA",QUIZZO
MANYUNK BREWING CO,8:30 PM,FRIDAY,MANAYUNK,,@QUIZZOBYSEAN,"MANAYUNK, PHILADELPHIA, PA",QUIZZO
SIDE CAR BAR,8:00 PM,SUNDAY,GRAD HOSPITAL,,3WAYQUIZZO,"22ND AND CHRISTIAN , PHILADELPHIA, PA",QUIZZO
LOCAL 44,10:00 PM,SUNDAY,WEST PHILLY,,,"WEST PHILLY, PHILADELPHIA, PA",QUIZZO
LANDMARK AMERICANA,7:00 PM,MONDAY,"GLASSBORO, NJ",X,,"GLASSBORO, NJ, PHILADELPHIA, PA",QUIZZO
HURRICANE JACKS,7:00 PM,MONDAY,LEVITTOWN,,IN THE MIX BAR SCENE,"LEVITTOWN, PA",QUIZZO
SCHILEEN'S IRISH PUB,8:00 PM,MONDAY,"WESTVILLE, NJ",,THE QUIZ KIDS,WESTVILLE NJ,QUIZZO
LANSDALE TAVERN,7:30 PM,MONDAY,LANSDALE,X,,"LANSDALE, PA",QUIZZO
VAULT BREWING,7:00 PM,MONDAY,YARDLEY,,LUNCH MONEY QUIZZO,"YARDLEY, PA",QUIZZO
CURRAN'S BENSALEM,7:30 PM,MONDAY,BENSALEM,,LUNCH MONEY QUIZZO,"1909 BRISTOL PIKE, BENSALEM, PA 19020",QUIZZO
PJ WHELIHANS,7:00 PM,MONDAY,CONSHOHOCKEN,,THE QUIZZO GUYS,"CONSHOHOCKEN, PA",QUIZZO
LOCK 29,7:00 PM,MONDAY,MONT CLARE,,,MONT CLARE,QUIZZO
KILDARES,9:00 PM,MONDAY,WEST CHESTER,,,WEST CHESTER,QUIZZO
GRID IRON PHX,7:00 PM,MONDAY,PHOENIXVILLE,,,PHOENIXVILLE,QUIZZO
WORLD OF BEER EXTON,7:00 PM,MONDAY,EXTON,,,"EXTON, PA",QUIZZO
PJ'S PUB HADDON TWP,7:00 PM,TUESDAY,"HADDON TWP, NJ",,,HADDON TWP NJ,QUIZZO
NESHAMINY CREEK BREWING DUBLIN,7:00 PM,TUESDAY,DUBLIN,,LUNCH MONEY QUIZZO,"DUBLIN, PA",QUIZZO
SHEEBEN PUB,7:00 PM,TUESDAY,MEDIA,,MICHAEL BARLOW,"MEDIA, PA",QUIZZO
SALOON 151,8:00 PM,TUESDAY,WEST CHESTER,,DJ ROMEO,"WEST CHESTER, PA",QUIZZO
DOLAN'S BAR RIDLEY PARK,8:00 PM,TUESDAY,RIDLEY PARK,,,"24 E SELLERS AVE, RIDLEY PARK, PA 19078",QUIZZO
GAUL AND CO ROCKLEDGE,8:00 PM,TUESDAY,ROCKLEDGE,,,"ROCKLEDGE, PA",QUIZZO
KINGS ROAD,7:00 PM,TUESDAY,"MEDFORD, NJ",,,MEDFORD NJ,QUIZZO
SLIGO,8:00 PM,TUESDAY,MEDIA,,,"MEDIA, PA",QUIZZO
PUDDLERS KITCHEN & TAP,7:00 PM,TUESDAY,BRIDGEPORT,,@QUIZZOBYSEAN,"BRIDGEPORT, PA",QUIZZO
OLD ORIGINAL NICK'S ROAST BEEF,8:00 PM,TUESDAY,SPRINGFIELD,,,"SPRINGFIELD, PA",QUIZZO
FOUNDING FATHERS,7:30 PM,TUESDAY,BENSALEM,,,"BENSALEM, PA",QUIZZO
OAKLYN MANOR BAR,7:00 PM,TUESDAY,OAKLYN NJ,,THE QUIZ KIDS,OAKLYN NJ,QUIZZO
MIDNIGHT OIL,7:00 PM,TUESDAY,"NEWARK, DE",,,NEWARK DE,QUIZZO
NAKED BREWING,7:00 PM,TUESDAY,BRISTOL,,,"BRISTOL, PA",QUIZZO
RIVALS,7:00 PM,TUESDAY,EASTON,,,"EASTON, PA",QUIZZO
THE VILLAGE PUB,7:00 PM,TUESDAY,SWEDESBORO,,,SWEDESBORO,QUIZZO
POUR HOUSE,7:00 PM,TUESDAY,EXTON,,@H6TRIVIA,"EXTON, PA",QUIZZO
DUFFERS MILL,7:00 PM,TUESDAY,BOOTHWYN,$25 GC,THOMPSON ENT,"1600 NAAMANS CREEK RD, BOOTHWYN, PA 19061",QUIZZO
PJ WHEILAN'S WEST CHESTER,7:45 PM,TUESDAY,WEST CHESTER,,THOMPSON ENT,"WEST CHESTER, PA",QUIZZO
PJ WHEILAN'S HORSHAM,8:00 PM,TUESDAY,HORSHAM,,THE QUIZZO GUYS,"HORSHAM, PA",QUIZZO
RAMS PIZZA,8:00 PM,TUESDAY,CLIFTON HEIGHTS,,,"CLIFTON HEIGHTS, PA",QUIZZO
NORTH PENN SOCIAL CLUB,7:30 PM,TUESDAY,NORTH WALES,,THE QUIZZO GUYS,"NORTH WALES, PA",QUIZZO
CHAR AND STAVE,7:00 PM,TUESDAY,ARDMORE,,,"ARDMORE, PA",QUIZZO
PJ WHEILAN'S NEWTOWN SQUARE,7:30 PM,TUESDAY,NEWTOWN SP,,DJMUVE,"NEWTOWN SP, PA",QUIZZO
WORKHORSE,6:30 PM,TUESDAY,KOP,,,"KOP, PA",QUIZZO
EAST BRANCH BREWING CO,7:00 PM,WEDNESDAY,DOWNINGTOWN,$30 GC,,"DOWNINGTOWN, PA",QUIZZO
GREAT AMERICAN PUB,8:00 PM,WEDNESDAY,CONSHOHOCKEN,,DJ GADGET,"123 FAYETTE ST, CONSHOHOCKEN, PA 19428",QUIZZO
GREAT AMERICAN PUB,8:00 PM,WEDNESDAY,WAYNE,,,"WAYNE, PA",QUIZZO
AXE AND ARROW BREWING,7:00 PM,WEDNESDAY,GLASSBORO NJ,,TRIVIAME,GLASSBORO NJ,QUIZZO
BALD BIRDS BREWING,7:00 PM,WEDNESDAY,AUDUBON,,,"AUDUBON, PA",QUIZZO
JARRETTOWN HOTEL,7:00 PM,WEDNESDAY,DRESHER,,@INTHEMIXBARSCENE,"DRESHER, PA",QUIZZO
BARNABY'S WEST CHESTER,7:30 & 10 PM,WEDNESDAY,WEST CHESTER,,MR QUIZZO,"WEST CHESTER, PA",QUIZZO
OWEN'S PUB,8:00 PM,WEDNESDAY,WILDWOOD,,MIKEY D,"WILDWOOD, NJ",QUIZZO
TAPHOUSE 23,7:00 PM,WEDNESDAY,BRIDGEPORT,,IN THE MIX,"BRIDGEPORT, PA",QUIZZO
BROKEN GOBLET BREWING,800 PM,WEDNESDAY,BENSALEM,,RIGHTEOUS JOLLY,"2500 STATE ROAD, ANDALUSIA, PA 19120",QUIZZO
TANNERY RUN,7:00 PM,WEDNESDAY,AMBLER,,,"AMBLER, PA",QUIZZO
TIME OUT,7:00 PM,WEDNESDAY,HUNTINGDON VALLEY,,,"HUNTINGDON VALLEY, PA",QUIZZO
PJ WHEILAN'S OAKS,8:30 PM,WEDNESDAY,OAKS,,THE QUIZZO GUYS,"OAKS, PA",QUIZZO
PJ WHEILAN'S BLUEBELL,7:30 PM,WEDNESDAY,BLUEBELL,,THE QUIZZO GUYS,"BLUEBELL, PA",QUIZZO
PJ WHEILAN'S HATFIELD,8:00 PM,WEDNESDAY,HATFIELD,,THE QUIZZO GUYS,"HATFIELD, PA",QUIZZO
PJ WHEILAN'S MAPLE SHADE,7:00 PM,WEDNESDAY,"MAPLE SHADE, NJ",,THE QUIZ KIDS,MAPLE SHADE NJ,QUIZZO
DEL PEZ,7:30 PM,WEDNESDAY,GLEN MILLS,,,"GLEN MILLS, PA",QUIZZO
FREE WILL BREWING,7:00 PM,WEDNESDAY,PERKASIE,,THOMPSON ENTERTAINMENT,"PERKASIE, PA",QUIZZO
SIDE BAR,8:00 PM,WEDNESDAY,WEST CHESTER,,MIKE ARGY,"WEST CHESTER, PA",QUIZZO
BOBBY RAY'S PENNSAUKEN TAVERN,7:00 PM,WEDNESDAY,PENNSAUKEN,,THE QUIZ KIDS,"PENNSAUKEN, PA",QUIZZO
ANIMATED BREWING,7:00 PM,WEDNESDAY,COATESVILLE,,,"COATESVILLE, PA",QUIZZO
STATE STREET PUB,9:00 PM,WEDNESDAY,MEDIA,,,"MEDIA, PA",QUIZZO
DUFFERS TAVERN,7:30 PM,WEDNESDAY,GLEN MILLS,,THOMPSON ENT,"192 MIDDLETOWN RD, GLEN MILLS PA 19342",QUIZZO
GRID IRON,7:45 PM,WEDNESDAY,ASTON,,THOMPSON ENT,"ASTON, PA",QUIZZO
STABLE 12,7:00 PM,WEDNESDAY,PHOENIXVILLE,,,"368 BRIDGE STREET, PHOENIXVILLE, PA 19460",QUIZZO
STOLEN SUN BREWING AND ROASTING,6:30 PM,WEDNESDAY,EXTON,,SHAMUS HALLORAN,"EXTON, PA",QUIZZO
SHADY BROOK FARM,7:00 PM,WEDNESDAY,YARDLEY,,EMILY AND JOE,"YARDLEY, PA",QUIZZO
"FINGERS, WINGS & OTHER THINGS",7:30 PM,THURSDAY,CONSHOHOCKEN,,,"107 W RIDGE PIKE, CONSHOHOCKEN, PA 19428",QUIZZO
VON C BREWING,7:00 PM,THURSDAY,NORRISTOWN,,MIKE ARGY,"NORRISTOWN, PA",QUIZZO
HUNT'S ANNEX,8:00 PM,THURSDAY,WOODLYN,,,"1311 MACDADE BLVD, WOODLYN, PA 19094",QUIZZO
RYAN'S PUB,8:30 PM,THURSDAY,WEST CHESTER,,MR QUIZZO,"WEST CHESTER, PA",QUIZZO
JD MCGILLICUDDY'S,8:00 PM,THURSDAY,BROOKLINE,,MUVE,"BROOKLINE, PA",QUIZZO
LOWER FORGE BREWING,7:00 PM,THURSDAY,"MEDFORD, NJ",,,MEDFORD NJ,QUIZZO
MANATAWNY STILLWORKS,8:00 PM,THURSDAY,ARDMORE,,@PHILLYQUIZZO,"ARDMORE, PA",QUIZZO
VILLIAGE IDIOT,7:00 PM,THURSDAY,"PENNSAUKEN, NJ",,THE QUIZ KIDS,PENNSAUKEN NJ,QUIZZO
5 WEST,7:00 PM,THURSDAY,"PALMYRA, NJ",,THE QUIZ KIDS,PALMYRA NJ,QUIZZO
LUNACY,7:00 PM,THURSDAY,"HADDONFIELD, NJ",,,HADDONFIELD NJ,QUIZZO
MECHANICAL BREWING,6:30 PM,THURSDAY,"CHERRY HILL, NJ",,,CHERRY HILL NJ,QUIZZO
WELL CRAFTED,7:30 PM,THURSDAY,AMBLER,,,"AMBLER, PA",QUIZZO
WEST END,730PM,THURSDAY,QUAKERTOWN,,,"QUAKERTOWN, PA",QUIZZO
PAPPOUS PIZZA PUB,8:00 PM,THURSDAY,MORTON,,,"415 BALTIMORE PIKE, MORTON, PA 19070",QUIZZO
HUMAN ROBOT JENKINTOWN,7:00 PM,WEDNESDAY,JENKINTOWN,,,"JENKINTOWN, PA",QUIZZO
STICKMAN BREWS,7:00 PM,THURSDAY,ROYERSFORD,,,"ROYERSFORD, PA",QUIZZO
TIMOTHY'S,,THURSDAY,WEST CHESTER,,THOMPSON ENTERTAINMENT,"WEST CHESTER, PA",QUIZZO
39 NORTH,,THURSDAY,GLENOLDEN,,THOMPSON ENTERTAINMENT,GLENOLDEN,QUIZZO
DUFFERS MILL,7:00 PM,THURSDAY,BOOTHWYN,MUSIC,THOMPSON ENTERTAINMENT,"BOOTHWYN, PA",QUIZZO
BLUEPRINT,7:30 PM,THURSDAY,HARLEYSVILLE,,THE QUIZZO GUYS,"HARLEYSVILLE, PA",QUIZZO
SEPARATIST BEER,8:00 PM,THURSDAY,EASTON,,MFROME8,"EASTON, PA",QUIZZO
PIZZA TIME,8:00 PM,THURSDAY,WEST POINT,,THE QUIZZO GUYS,"WEST POINT, PA",QUIZZO
NESHAMINY BREWING,7:05 PM,THURSDAY,CROYDON,,LUNCH MONEY QUIZZO,"CROYDON, PA",QUIZZO
RACK'S PUB,7:30 PM,THURSDAY,WILLIAMSTOWN NJ,,,WILLIAMSTOWN NJ,QUIZZO
IMPRINT BEER CO,7:00 PM,THURSDAY,HATFIELD,,LUNCH MONEY QUIZZO,"HATFIELD, PA",QUIZZO
JOHN HENRY ARDMORE,9:00 PM,FRIDAY,ARDMORE,,JOHNNY CHEESETEAK,"ARDMORE, PA",QUIZZO
WORLD OF BEER EXTON,6:30 PM,SUNDAY,EXTON,,QUIZZO WITH ALYSSA,"EXTON, PA",QUIZZO
JITTERS,,SUNDAY,WEST CHESTER,,MR QUIZZO,"WEST CHESTER, PA",QUIZZO
